user_id,reading_id,performance_id,relative_difficulty,unknown_count,unique_word_count
0,0,JamHgx78yBimxwfsy,0.0,0,43
0,1,x9terPGdNZLofMmJK,0.0449438202247191,4,89
0,2,gW8LvMDXTGnXXDdXD,0.026845637583892617,4,149
0,3,QRR8FvoCbD7mX8e5H,0.0111731843575419,2,179
0,4,NcKX3uapzTCvXwYGu,0.06278026905829596,14,223
0,5,maWs9sGSrFxHqewm7,0.02512562814070352,5,199
0,6,JzkkgN7rR63hgSna6,0.027649769585253458,6,217
1,0,DPByZxCZikYMGdv8r,0.0,0,43
1,1,fuBiap5C8jGpHCA2L,0.0,0,89
1,2,LPn5Bg78rNebyQWQX,0.0,0,149
1,3,6xk3CJRipkAapmYQ8,0.0,0,179
1,4,kPA3NoPgk3gsEY2Gh,0.0,0,223
1,5,LZ2bhtACe9n8QyZKd,0.0,0,199
1,6,ELpTKDNtF8dzA6GRw,0.0,0,217
2,0,636yJTytSAEveZcJy,0.046511627906976744,2,43
2,1,HGbKzJCgnXvrMJyTj,0.011235955056179775,1,89
2,2,XQ9SRX84kdAsEq2gR,0.026845637583892617,4,149
2,3,CdFzkwtQGKMsxGvPJ,0.0670391061452514,12,179
2,4,4FDykYBzskdjTvHjW,0.08071748878923767,18,223
2,5,NKoMPDc2cm5tBSsoF,0.020100502512562814,4,199
2,6,vTfYEpKJXnxozSE9z,0.04608294930875576,10,217
3,0,Zj7CLX4jimHX8ixas,0.0,0,43
3,1,HLzXJiRut7cdz5YsF,0.0,0,89
3,2,Wnbmy6oBWZJKhfE3X,0.026845637583892617,4,149
3,3,iC9vL3NGLvkyJsnJ6,0.01675977653631285,3,179
3,4,i5X9ofYQpGzAuK2JK,0.008968609865470852,2,223
3,5,fJ5ioPiBDaGbPNQcz,0.020100502512562814,4,199
3,6,vQKeXtZZS7rf6upeP,0.02304147465437788,5,217
4,0,mEsAPaNcb9batgid4,0.0,0,43
4,1,7B6qHBFseMq6MTx8H,0.0,0,89
4,2,3DYdaieraZPbrGWfG,0.0,0,149
4,3,JQaJajQEr3aKrHzXd,0.0,0,179
4,4,9EKuwEd6hg9Gi2WYb,0.03139013452914798,7,223
4,5,rNsaWSENzRBfpLbtN,0.0,0,199
4,6,E6Ey885qdALfwoucn,0.009216589861751152,2,217
5,0,EXJj6G6jDybP3M4N6,0.0,0,43
5,1,c6MjFd9HiFWYaSXc4,0.02247191011235955,2,89
5,2,aJvKM5mfJ2ve7YWAE,0.040268456375838924,6,149
5,3,JSCBm3CtNnTfPREPo,0.0111731843575419,2,179
5,4,kENAs4zsTqJmpLh7P,0.02242152466367713,5,223
5,5,9G6MYXAQoy6mYcaRM,0.05025125628140704,10,199
5,6,z4negjEmqyeNbCkdC,0.027649769585253458,6,217
6,0,qnzmTjrBmRNd6k5D9,0.023255813953488372,1,43
6,1,zC2GLZqWoBesmkgze,0.011235955056179775,1,89
6,2,27QNzEL8EsZtPiMSY,0.020134228187919462,3,149
6,3,FZxm3eoj4LWydispb,0.09497206703910614,17,179
6,4,XSFFmfrmo53Pxfb6Z,0.053811659192825115,12,223
6,5,sfaJFq7RHF2bXFgDC,0.03015075376884422,6,199
6,6,kE4H6j3Za3gTqWg6w,0.04608294930875576,10,217
7,0,H5jtxpCAxJqEgohSW,0.06976744186046512,3,43
7,1,MxEuSYwunF3aAwcug,0.056179775280898875,5,89
7,2,4bSQvWPj67ixTJKJ3,0.026845637583892617,4,149
7,3,JukNdTFdktHomk6Jn,0.061452513966480445,11,179
7,4,nRz5eRDB9ef4zGb26,0.013452914798206279,3,223
7,5,NcaNjQutZ68caw8Zp,0.06532663316582915,13,199
7,6,xQQoYYxsZ5xKWmQqm,0.05069124423963134,11,217
8,0,zshhXhzHLck2jHuPn,0.0,0,43
8,1,SsnbaoxpB5ojx38LN,0.0,0,89
8,2,oLTTs8tGEq7pcsnHW,0.0,0,149
8,3,WrZMWMHYvgeXjDCva,0.0,0,179
8,4,DEu7FGbw7HXgkuC3R,0.0,0,223
8,5,tvg947RMoNGSLudNx,0.0,0,199
8,6,LKZ2qDq8RK3ws9vYH,0.0,0,217
9,0,jFSZMwKDJXTdHEWvP,0.06976744186046512,3,43
9,1,Ya3JBQ9iotLdrM92F,0.011235955056179775,1,89
9,2,5L8MZfjmEMrMhoLou,0.040268456375838924,6,149
9,3,FhTij2GqgZ5APEZ9q,0.01675977653631285,3,179
9,4,6YsrwWbAAsKZeWbXy,0.02242152466367713,5,223
9,5,oHBx5NJsXrdQkdYF9,0.05527638190954774,11,199
9,6,PKxSg93afsY5gDMiz,0.027649769585253458,6,217
10,0,4QTFfjWq6FS28pGz8,0.023255813953488372,1,43
10,1,XfTcDixuuaQYZiC7e,0.011235955056179775,1,89
10,2,zPzQEYHfSJ94twSKs,0.026845637583892617,4,149
10,3,uqrSfLk9QdcadGi8H,0.027932960893854747,5,179
10,4,QrMwsrNYAx9jJAFSb,0.017937219730941704,4,223
10,5,k5Gdo8atZJmKd3w9L,0.02512562814070352,5,199
10,6,DPKoJudXDbuxszjdv,0.03225806451612903,7,217
11,0,TBYN8mkut8vjCXzaS,0.0,0,43
11,1,Gj6tipugyxEYTwyFs,0.0,0,89
11,2,ofgJxiLtjjPJkKuPN,0.0,0,149
11,3,XoJKYGZCXMbnnQTKN,0.0,0,179
11,4,XHrL498mJFtRb4sPF,0.0,0,223
11,5,LPuG35hMR2ej4rZJc,0.0,0,199
11,6,Ddo7nRkcNfEPJkh87,0.0,0,217
12,0,DJ82KMGpjj4PZZ2HN,0.0,0,43
12,1,3Joc72XDAAb3XXatj,0.033707865168539325,3,89
12,2,rpXNvqLm6ra8HXP9A,0.013422818791946308,2,149
12,3,Zg6isAKvwpSH4WxBK,0.0223463687150838,4,179
12,4,ritrnCvnRdcdmmCWm,0.03587443946188341,8,223
12,5,uZ7stzCEk4E6XTite,0.03015075376884422,6,199
12,6,ZkAyeeNvyKZQreXwW,0.027649769585253458,6,217
13,0,qHKbFeLfRhcTtWzmm,0.0,0,43
13,1,2zKyXcquSF429NrBv,0.0,0,89
13,2,eWuyLCDNPe4BuQwwW,0.006711409395973154,1,149
13,3,ab396DrpYG4uo7zCX,0.01675977653631285,3,179
13,4,AsgPnH4XxGD4XKMNj,0.04035874439461883,9,223
13,5,MG9zKGdyiWFqwgWSo,0.020100502512562814,4,199
13,6,7T4FXcjPb6ZpFBqGP,0.018433179723502304,4,217
14,0,hLrXaAXSHzT8jo7gg,0.023255813953488372,1,43
14,1,9GNjLrigPcuSzWorh,0.011235955056179775,1,89
14,2,9MhMLEjFyE7nChhMK,0.013422818791946308,2,149
14,3,pXdRs5iiPkn5PkycD,0.03910614525139665,7,179
14,4,czXWJRz5SLt7TDoZ7,0.017937219730941704,4,223
14,5,PHFNX7rJuxTs4iscF,0.02512562814070352,5,199
14,6,42Ea6qYSEYdS8LZc5,0.009216589861751152,2,217
15,0,nygDzaqAmpTo98giC,0.0,0,43
15,1,oWq8uK8ms4JNRFS5X,0.02247191011235955,2,89
15,2,RKKvNGdKyCZ6q4u5R,0.0,0,149
15,3,2YGDW9RFSTvzyMzdc,0.0335195530726257,6,179
15,4,XHH2xfNe8euLxHWHZ,0.017937219730941704,4,223
15,5,KLy4D5K3zsoGR7YuZ,0.01507537688442211,3,199
15,6,dJfGbemQyy9iRWSTp,0.013824884792626729,3,217
16,0,ChuMpxkd2Ni65GYMx,0.0,0,43
16,1,wgbrQ4fCAj9cAZwEq,0.0,0,89
16,2,o6hZCvbyXFJY9LBwn,0.0,0,149
16,3,zRZ6M7zp3mwHPtia6,0.0,0,179
16,4,8zvrXYQqaPFXfjrBF,0.0,0,223
16,5,gu4RhbSzr2tjQqwgA,0.0,0,199
16,6,AAbFB4ks2EPZWknMY,0.0,0,217
17,0,ddPj2Qqyv4KMXpS6C,0.0,0,43
17,1,8kPD8wAniRWtZNz7B,0.0,0,89
17,2,WQH7Ptc3qMjJJWhTY,0.0,0,149
17,3,5vZKtGkwa7YuSApEp,0.0,0,179
17,4,DjFAcAwDP9mnmYBGR,0.0,0,223
17,5,z74h3FAnTWZrPQs69,0.0,0,199
17,6,7QeQs3n9hxQGqWbA9,0.0,0,217
18,0,NJJANBDFGZ9vrZ7J2,0.0,0,43
18,1,pooEQPHJemG8PiNj5,0.0,0,89
18,2,Rgt6Lb6A86N9AFkWN,0.013422818791946308,2,149
18,3,jXwMJLTqNHkc4G7EK,0.0111731843575419,2,179
18,4,eTgsgugE9FP43RAxE,0.04035874439461883,9,223
18,5,qnmHKqzrQ53NT3eX6,0.03015075376884422,6,199
18,6,dQtdZGzdXgRojpZJa,0.009216589861751152,2,217
19,0,4yvDk7Qg3xAc5wPFk,0.0,0,43
19,1,WkYWyo2gLcoYgf4KB,0.0,0,89
19,2,jP7F45Pi9vEM7v3g2,0.0,0,149
19,3,x8jc2cjeXLHSPkPr5,0.0,0,179
19,4,ZxkPR9htL6xexrPWn,0.004484304932735426,1,223
19,5,3Lu6C9d86QshvDJgZ,0.005025125628140704,1,199
19,6,Nxm57ryFDJoavrkKA,0.0,0,217
20,0,HCoHypsj9nYuiPJ4Q,0.0,0,43
20,1,C2Sm4sacPE4tYo7Ki,0.0,0,89
20,2,BqHTijgXGFL6C8WQM,0.006711409395973154,1,149
20,3,JcrLgce29xTjfjMMn,0.027932960893854747,5,179
20,4,qgDtsJanD6CfHqnjW,0.03587443946188341,8,223
20,5,gXCzsm2WXxERkwkiR,0.020100502512562814,4,199
20,6,kAFTzctPrFdvResJY,0.004608294930875576,1,217
21,0,vsjMbALH7jZ63dmEx,0.0,0,43
21,1,ZrSN6FMqc56rmm3AQ,0.0,0,89
21,2,ZBmnoLmjK6JSqgdqe,0.0,0,149
21,3,junrY7YmMR4F2qoQ8,0.0,0,179
21,4,cDJM72HPD9zukSNFK,0.0,0,223
21,5,7X5xHpJeyLPHL3Wec,0.0,0,199
21,6,tWYdJi2XFHhjz9u5L,0.0,0,217
22,0,pm7LnyQ3vLGAGFGh4,0.023255813953488372,1,43
22,1,9w9gBG4hihjwJTsKs,0.011235955056179775,1,89
22,2,tLEhvGDyij4kSbMMK,0.020134228187919462,3,149
22,3,zkwkTCm5L7qQJhcnk,0.03910614525139665,7,179
22,4,QxqG3Jxgv24gLCztp,0.03139013452914798,7,223
22,5,AGENAGdHJaE24PQxa,0.07035175879396985,14,199
22,6,gqxSfgs87tJdyGRvQ,0.009216589861751152,2,217
23,0,XAdmsNvMbnHJeWEsa,0.0,0,43
23,1,CB5mZdDHZdao7i99G,0.02247191011235955,2,89
23,2,8Y7RCLcarnc5cs7yC,0.06040268456375839,9,149
23,3,HFrHNGD2CjCTxcKSk,0.0335195530726257,6,179
23,4,wLYPCtR5EopSxMtQp,0.013452914798206279,3,223
23,5,xpCJdQoHRC5TwDqRd,0.020100502512562814,4,199
23,6,sqwZZuzJD6raZD9N4,0.013824884792626729,3,217
24,0,ewbugY4GzDbG25uSi,0.0,0,43
24,1,h637bHs2C8rubPWvL,0.011235955056179775,1,89
24,2,uq3LeBJuWtQPSGngY,0.006711409395973154,1,149
24,3,g9SuThsPXEZzHpEE8,0.0223463687150838,4,179
24,4,uDcsATKczzmb7ghD4,0.017937219730941704,4,223
24,5,JidgP9xsQ9ZpnnjJY,0.02512562814070352,5,199
24,6,rBX2y5StxiKxFafCe,0.018433179723502304,4,217
25,0,oAtgFe3Le3vuCARpa,0.0,0,43
25,1,6E88gb2actYPQAmWo,0.011235955056179775,1,89
25,2,RoWdcjYiuCZ7uu6fF,0.026845637583892617,4,149
25,3,6o2CFWEHeTpqQJMDa,0.0111731843575419,2,179
25,4,KGSBjiPP7CetipZ2y,0.017937219730941704,4,223
25,5,vp3zJDAswF9ZRezX4,0.02512562814070352,5,199
25,6,MQ6BDkLFM5mJwbnLd,0.02304147465437788,5,217
26,0,b9YjYL3RjdWogNpiG,0.0,0,43
26,1,xMGyqyh4vddggXjQm,0.0,0,89
26,2,t5ZQARZJLe28ECS9G,0.0,0,149
26,3,v244sDaqzvnj7L8Wu,0.00558659217877095,1,179
26,4,7od4EbxKs7K8Lya4c,0.004484304932735426,1,223
26,5,rLz5qdEBq2pBdDjiy,0.020100502512562814,4,199
26,6,asxLDSgr73iZQiNLk,0.0,0,217
27,0,KpeBfoMZGMemFuycz,0.0,0,43
27,1,kMxyetnfhDHPz7TSc,0.0,0,89
27,2,pirBkk4ripBLMywjy,0.0,0,149
27,3,M6yk29Y88s6wCJBYz,0.0,0,179
27,4,TCnL8JMFH4pa5sN7x,0.0,0,223
27,5,2f52eH2Q6pwvDNxAp,0.0,0,199
27,6,w3QgHZ8w7zadLAdRv,0.0,0,217
28,0,feNmj7AyRtEtjZTAo,0.0,0,43
28,1,HBGztZro2Zto6TeTa,0.0,0,89
28,2,AqLbMfHDEC2JTP4hq,0.0,0,149
28,3,X39haEhjk3Pw9JYsS,0.00558659217877095,1,179
28,4,RZj75i958chsyabzB,0.013452914798206279,3,223
28,5,CFsvSixa6abrDcnvC,0.005025125628140704,1,199
28,6,KvdiDGnkfoc3s2Cpm,0.004608294930875576,1,217
29,0,WQGDrY9gbPpHcgPg8,0.0,0,43
29,1,SAwmNZeMLsDNM9CXx,0.011235955056179775,1,89
29,2,MSCYMPfqPwr45S6kQ,0.0,0,149
29,3,c4rm7ks24NPyAdkuc,0.01675977653631285,3,179
29,4,AoXEE59Cei996kb5Y,0.026905829596412557,6,223
29,5,gT6wuuY58Xfeq3K2u,0.02512562814070352,5,199
29,6,qSJA8wWR6QS4she6T,0.013824884792626729,3,217
30,0,svcdkaC4LxBjLq76y,0.0,0,43
30,1,Ho6fQfnA9sk5kTvvL,0.0,0,89
30,2,sQWZE7kKwxBwqdC7E,0.0,0,89
30,3,8ccRoj4tEab9skWhk,0.0,0,149
30,4,BkZbSsTBFYNn2YbC3,0.0,0,179
30,5,NvC4wbT8A8Lk2ebS8,0.0,0,223
30,6,LRgN3i33MwNPzojQP,0.0,0,199
31,0,aJeK599Dh5rXY9PE2,0.023255813953488372,1,43
31,1,6x5oAEBef5vAqCt65,0.056179775280898875,5,89
31,2,qWkEhtgLLkvnFdsCD,0.013422818791946308,2,149
31,3,GZz7x5mNHEB9ZFBqz,0.0,0,179
31,4,aMPvWx2xhQi9RCZcZ,0.03139013452914798,7,223
31,5,Bo3oEWpHGBWN7jozG,0.0,0,199
31,6,Zb9KGZ4WLKbnH4Yom,0.03225806451612903,7,217
32,0,K5qhDADEreDgfFswS,0.0,0,43
32,1,cKhJfcvuZZkP6stNE,0.0,0,89
32,2,Wq69uGxgBbKmhKdXc,0.0,0,149
32,3,BAEPrgv6tPQswXafn,0.0,0,179
32,4,niXCRDYiYtrKk94fc,0.0,0,223
32,5,24tQijPLDEhQaW23r,0.0,0,199
32,6,uc7tzpo4vHbZjPDxD,0.0,0,217
33,0,Nf8SfEwthriRuGw9x,0.0,0,43
33,1,tYDuPiLWYC6gtwzpb,0.0,0,89
33,2,wcAEPmTcuMudQSnQJ,0.013422818791946308,2,149
33,3,Xh8QX7mj26EAZNYcz,0.00558659217877095,1,179
33,4,yhS5L328GSQWhNB3k,0.013452914798206279,3,223
33,5,CFRHWgN5mncHTWs52,0.02512562814070352,5,199
33,6,6k24ZAEkRfHyJNjhd,0.004608294930875576,1,217
34,0,fv7RtzAvvJ4NzaHy8,0.0,0,43
34,1,XeJqYMA92nAWEQeF6,0.0,0,89
34,2,LgWkFFqks9uudqjZZ,0.006711409395973154,1,149
34,3,aN6yBe46nunaWpPSo,0.027932960893854747,5,179
34,4,yXh8dpCAYQw76xm2S,0.04035874439461883,9,223
34,5,ez27rkyuXDi2fs7BT,0.0,0,199
34,6,kF6egTGhsy56sphvE,0.009216589861751152,2,217
35,0,CwaBk3kLnskJJxcxx,0.023255813953488372,1,43
35,1,Nu7k8pK86WvWc8egj,0.02247191011235955,2,89
35,2,DqmyCA4GCPtL9fZfs,0.087248322147651,13,149
35,3,PrumBSZpcpeyda6sa,0.05027932960893855,9,179
35,4,kcH7NkkKSHrdyNr2G,0.04484304932735426,10,223
35,5,TCWuS934WDNvAPokK,0.135678391959799,27,199
35,6,kKG4Eg7LKSCLn8vCb,0.1152073732718894,25,217
36,0,ubjXJBZ5WmqAGBSvJ,0.046511627906976744,2,43
36,1,c5ZoKA2jYY3D9sqoh,0.02247191011235955,2,89
36,2,LgG5sQRaE5GjMgNze,0.040268456375838924,6,149
36,3,muPu4fXY3Y7GpTHah,0.03910614525139665,7,179
36,4,Xo67w7dDAuTnRf8Qa,0.04035874439461883,9,223
36,5,Gw2Y6axtoZe4CeBE5,0.06532663316582915,13,199
36,6,j6kiGBCX826NHgLsT,0.05069124423963134,11,217
37,0,eFHPsZ3AR72GA8c7Y,0.023255813953488372,1,43
37,1,KZ2tFNvRBAo5chq55,0.011235955056179775,1,89
37,2,gDtyF6o9AueZoMB2n,0.013422818791946308,2,149
37,3,9TLcgp4hadoxAsNbw,0.027932960893854747,5,179
37,4,t5WxQwbiTKnoWPJZi,0.07623318385650224,17,223
37,5,dGwRQuhfrEtAmJveA,0.03015075376884422,6,199
37,6,fxqCtsZ5vgRxc3SZz,0.04608294930875576,10,217
38,0,hP5BqyqmE7eZXRyYX,0.023255813953488372,1,43
38,1,Mk8cxHgHMyiu7KMMW,0.02247191011235955,2,89
38,2,zfBynuTanXvx4i8QH,0.006711409395973154,1,149
38,3,32HLcWkr48k729cet,0.0223463687150838,4,179
38,4,QKSh4kYGhhrAjrCmu,0.026905829596412557,6,223
38,5,q6Fs3BwhcmaMFHeGC,0.02512562814070352,5,199
38,6,H3t5PbvaMYus4W9jM,0.04608294930875576,10,217
39,0,u8arzGo3dH3oFT4Yu,0.0,0,43
39,1,vsvbRFKFKCmPHLsBe,0.011235955056179775,1,89
39,2,hhtJWJtaxNgKiHvBH,0.006711409395973154,1,149
39,3,JH3wYFmpD77b35vLR,0.01675977653631285,3,179
39,4,P6dH2kdTPiqmQQgn6,0.03139013452914798,7,223
39,5,EKuwnC9qr4KoPQWjC,0.010050251256281407,2,199
39,6,Ffyg5Ms7PMBn89ifa,0.009216589861751152,2,217
40,0,sdgrrYJTFocEMyaLu,0.023255813953488372,1,43
40,1,M3swQdH6fcvbz39oZ,0.0,0,89
40,2,su6N8Xhc4wex7Q7oc,0.013422818791946308,2,149
40,3,jNyAN5QC9jksYmies,0.0446927374301676,8,179
40,4,X69KcBzpndXiCx6v4,0.03587443946188341,8,223
40,5,2uGZTsiFE87JHh3Wa,0.035175879396984924,7,199
40,6,8Rp2jhQYBzr5nFczw,0.06912442396313365,15,217
41,0,LiiWpuTvnmvWWrq5h,0.023255813953488372,1,43
41,1,X3vkcRoxeErWK4cSS,0.033707865168539325,3,89
41,2,8q3uqM7Bt2cuSXYX5,0.006711409395973154,1,149
41,3,mc6ifbGsq2paXad8f,0.00558659217877095,1,179
41,4,ir6AB63JRfMoKRttN,0.02242152466367713,5,223
41,5,jPRpu9RYRsLCJ3Hc2,0.05527638190954774,11,199
41,6,yrxeYstg2WE6o6LHm,0.059907834101382486,13,217
42,0,cMXQTxNbCsqfTqEk7,0.023255813953488372,1,43
42,1,FfHnshmCb5uBFDJGH,0.033707865168539325,3,89
42,2,RmB7euBpgpBjTFhpj,0.013422818791946308,2,149
42,3,hkP7FZ3Yd9zHttgqr,0.027932960893854747,5,179
42,4,5DNDerbb2Ztf9AtxL,0.017937219730941704,4,223
42,5,67PKNM3eRAJJk8at8,0.07035175879396985,14,199
42,6,aNWszqrjg5uaXB57J,0.041474654377880185,9,217
43,0,FTuxXZ9jjWJFjyCEW,0.023255813953488372,1,43
43,1,QMmp7xsojLG3LYfCM,0.06741573033707865,6,89
43,2,w5fDZ4mEs8kJcEFyH,0.040268456375838924,6,149
43,3,MF4TwENzZ9tqxgZRW,0.1452513966480447,26,179
43,4,rymgPjmrKr7Kum6rp,0.04484304932735426,10,223
43,5,Kqt7Hrm8nZh3Y9E3y,0.04020100502512563,8,199
43,6,JqDf9XK6axAnfDKrD,0.03686635944700461,8,217
44,0,pXsBX8XouEZjBfZAu,0.0,0,43
44,1,pN7d2qkqX4n3RPnCf,0.0,0,89
44,2,bxiMnMhGpbsuef3gL,0.0,0,149
44,3,kvJLntJgBmS65XC3f,0.0,0,179
44,4,ZB2DNQH3apeLrxE5S,0.0,0,223
44,5,4Go5QMMoJkjJJviL5,0.0,0,199
44,6,55wPKaxES4vPc7bma,0.0,0,217
45,0,c2FsgqFky7QrMLTnS,0.023255813953488372,1,43
45,1,4NToZvvuq3ttdnHQk,0.02247191011235955,2,89
45,2,rTLe4EDawdu9zWb7p,0.026845637583892617,4,149
45,3,eRKcY6jND55KiDkoK,0.0446927374301676,8,179
45,4,9Z9se2gNKuetgLJh7,0.07623318385650224,17,223
45,5,5S3NRbnfjkq4jkTaJ,0.02512562814070352,5,199
45,6,rnnsMp4n38J5PPHhn,0.03686635944700461,8,217
46,0,abozBucpnbvh87N3M,0.0,0,43
46,1,F7XJx8zL78C7XTfzj,0.0,0,89
46,2,pGrcEqYNk4LCQshcX,0.020134228187919462,3,149
46,3,hnZgoZikuXkAGrG4o,0.0223463687150838,4,179
46,4,SKdNniTi7AqLXmScg,0.02242152466367713,5,223
46,5,3cLJ9QjscH66R3i82,0.010050251256281407,2,199
46,6,2238eyduJzWLjXFAo,0.004608294930875576,1,217
47,0,7o5pgHmHsiqzCtR52,0.0,0,43
47,1,gqPRyyqNuPGfFBq7z,0.011235955056179775,1,89
47,2,aWb2Km7EyXDoaaiNS,0.020134228187919462,3,149
47,3,JZRkNKiBKWoDesBPX,0.01675977653631285,3,179
47,4,aTHLFHfCerM3KT4LZ,0.013452914798206279,3,223
47,5,HxFvmp7ByzvoZxJsB,0.03015075376884422,6,199
47,6,WWzpzvW6Z8K97tgSS,0.03225806451612903,7,217
48,0,AEAdzhm2PYSAYLqjS,0.0,0,43
48,1,HWAbMabmRzSiNHf8Q,0.0,0,89
48,2,SBQiyuqnLW9D5WAPj,0.006711409395973154,1,149
48,3,HwSQzXjYn9ZyRnJRH,0.0111731843575419,2,179
48,4,Y5qfkZMo9YnRtz4cn,0.02242152466367713,5,223
48,5,mqzGdugEbY4ucDjhX,0.05025125628140704,10,199
48,6,aR2f2SxSTgdP8isxy,0.05069124423963134,11,217
49,0,G27QqyWj5KwtN9hxT,0.0,0,43
49,1,sTAN3zY5ekyN5JYAq,0.0,0,89
49,2,RNGtuCaLhqi8fHnvR,0.0,0,149
49,3,43jy7uSaYh4a45GSM,0.0223463687150838,4,179
49,4,gsjFfJ8PLrmMEJokp,0.0,0,223
49,5,M5m5THCyb59ephDPh,0.0,0,199
49,6,y5Lm8Bixz4cEWYX2c,0.0,0,217
50,0,uPbocMQe9JNLgyTTk,0.06976744186046512,3,43
50,1,mnBd37KCr8wRE83DN,0.011235955056179775,1,89
50,2,zohdWveGHb8NppMaT,0.053691275167785234,8,149
50,3,4CdMbqaoMXmqsbfTH,0.055865921787709494,10,179
50,4,WSRTb37end79LikiZ,0.053811659192825115,12,223
50,5,woCYXB56Zr93BdSH3,0.035175879396984924,7,199
50,6,WEWA7CKapK28s5GzH,0.1152073732718894,25,217
51,0,a4Yn55TeM4zosJAGY,0.0,0,43
51,1,CBZx8xteqnpLzccaw,0.011235955056179775,1,89
51,2,8Squsu7GTj9epmBzr,0.006711409395973154,1,149
51,3,mnetCfvsd37xCjM3v,0.01675977653631285,3,179
51,4,KkMK2rPp2o6mH3F7v,0.017937219730941704,4,223
51,5,CRJxNmcxsSBZeBukx,0.005025125628140704,1,199
51,6,xJbDnGZyqwyAnrt3f,0.004608294930875576,1,217
52,0,ncAEBRDZie8Kckc6y,0.023255813953488372,1,43
52,1,dR3KfvRXqMmT3q9YD,0.0,0,89
52,2,7Fnt5vH6KBQv5fazr,0.013422818791946308,2,149
52,3,dzeuctN5DSinojvgp,0.0111731843575419,2,179
52,4,wNAbr8aZ3hz3Yrk9j,0.017937219730941704,4,223
52,5,uNv7fACikC8uA3xjp,0.1306532663316583,26,199
52,6,zLeizP4EWyHcyyXvQ,0.013824884792626729,3,217
53,0,AJkLc5r9MjpgBpBup,0.0,0,43
53,1,cPnXDf7yLavQA8Tjr,0.0,0,89
53,2,BmXCKvckeDMrmqQdj,0.04697986577181208,7,149
53,3,LG52kGi9y8uTJT9Wk,0.0335195530726257,6,179
53,4,9jJCA4m9zHgzEAix8,0.02242152466367713,5,223
53,5,DRqx52KjDfXWLq3kr,0.01507537688442211,3,199
53,6,YSQPyPpTpHzmnH8kh,0.059907834101382486,13,217
54,0,riG8gnmmQkMkXC57y,0.023255813953488372,1,43
54,1,kaG9ZCCtewC8Da5yu,0.011235955056179775,1,89
54,2,RojJ2mbgC9xkbdHAx,0.0738255033557047,11,149
54,3,XpuaPkwnHWGBMdj9n,0.027932960893854747,5,179
54,4,6vJLSHdSMaWmbyan4,0.03587443946188341,8,223
54,5,s2QnfZcQCN7s2Xxki,0.05025125628140704,10,199
54,6,saHo53mYj3TZL8NQ9,0.027649769585253458,6,217
55,0,fDWjgXWbcq3Ky9o2g,0.0,0,43
55,1,L8Dw34ZAXsu8bwFXw,0.011235955056179775,1,89
55,2,wixzMdhXnvnXYaf78,0.013422818791946308,2,149
55,3,ezYcErNHfRWzJMZmj,0.05027932960893855,9,179
55,4,BvT463LvyXwns2Eq9,0.04035874439461883,9,223
55,5,zr9tXvjrbYZYZzYJy,0.07035175879396985,14,199
55,6,L6x4KXemB2mDMa6sj,0.041474654377880185,9,217
56,0,CXTD58fuCDwTJ6FFk,0.023255813953488372,1,43
56,1,orx9GCwXixDaSZR77,0.056179775280898875,5,89
56,2,aBTMTCtuKD5R56ww4,0.040268456375838924,6,149
56,3,Pdi3AEZErQNKNkoSx,0.03910614525139665,7,179
56,4,derGuwa534dafHwiF,0.04035874439461883,9,223
56,5,KKXZ43ongiASugxmE,0.01507537688442211,3,199
56,6,amhy8jnm8GeyL42D2,0.018433179723502304,4,217
57,0,FTSYvpv7hXigDLw56,0.0,0,43
57,1,QRgYRPh4hA2xKLhqa,0.033707865168539325,3,89
57,2,mnrXF9ZtLZ4LsjaoG,0.013422818791946308,2,149
57,3,HWs8zwWuatLsxXoZA,0.061452513966480445,11,179
57,4,SiDt2hLXx33uim6MZ,0.04035874439461883,9,223
57,5,TX9Evv3TEBLzRYMMF,0.06532663316582915,13,199
57,6,CjzoSW2SzkEWsmLjd,0.055299539170506916,12,217
58,0,7vJdNudsWXSXM92no,0.023255813953488372,1,43
58,1,vyadRETGFokpzd6wk,0.02247191011235955,2,89
58,2,c5gjHJgRK5HKQ7uMv,0.026845637583892617,4,149
58,3,C8FcjBNZ87hZPdKzd,0.055865921787709494,10,179
58,4,jfKGh9sMLzEzvpvin,0.03139013452914798,7,223
58,5,wcD4fvEgGHapv37WX,0.07035175879396985,14,199
58,6,ZboYpHZdpYnubY26n,0.059907834101382486,13,217
59,0,mcAaNev42pfnZLJWA,0.046511627906976744,2,43
59,1,safnZWvzSSaRuETGJ,0.033707865168539325,3,89
59,2,MFPNhcrdxF8FTaitH,0.040268456375838924,6,149
59,3,ungAQMLKT7pz7Wxnm,0.07262569832402235,13,179
59,4,wfJ8abk28rWYGRTdQ,0.026905829596412557,6,223
59,5,nbianDuJZpWxioWtF,0.05527638190954774,11,199
59,6,Xppezv4fsnhjgmeAB,0.07834101382488479,17,217
60,0,LyMM3r8cqhuq6Hjmi,0.023255813953488372,1,43
60,1,NFy6JTKbP2unakQtF,0.056179775280898875,5,89
60,2,Nx7mRp8oWYps3349i,0.03355704697986577,5,149
60,3,5DMhCKArv6v3FTNY3,0.061452513966480445,11,179
60,4,B25T9MMpcAE59axAe,0.04484304932735426,10,223
60,5,6sFvHpfDEdviXc6PT,0.08542713567839195,17,199
60,6,HBqdJ56dKJE7LLxNg,0.041474654377880185,9,217
61,0,mQtDzFGRBrjRZ9z5k,0.023255813953488372,1,43
61,1,aXuxyEjpj3Epv7JqE,0.033707865168539325,3,89
61,2,aFzGiNBiwmzwP4ryX,0.053691275167785234,8,149
61,3,ncn4Ji3snQTBXCxoL,0.0335195530726257,6,179
61,4,TCTdNDsbPDd7Ponrh,0.08071748878923767,18,223
61,5,FX7cWcx3WN6aqwJPw,0.04522613065326633,9,199
61,6,bQDBHYnqddH9NXKLM,0.06451612903225806,14,217
62,0,4zjLwdD9NAc3CTbwK,0.023255813953488372,1,43
62,1,nuT5mkzBhbXbkvanK,0.0,0,89
62,2,baop3SyNKWvzncyjf,0.013422818791946308,2,149
62,3,4dexY2CymTuSLNubG,0.0111731843575419,2,179
62,4,b2XoYYtNPvLf2tLCC,0.013452914798206279,3,223
62,5,DPLrhvPh5an8TnEnY,0.035175879396984924,7,199
62,6,LLSjA92ojGrq3YsLt,0.02304147465437788,5,217
63,0,LnEwA3HuncEEdYLo9,0.0,0,43
63,1,9yx3AqmvphmGJH9qB,0.011235955056179775,1,89
63,2,nvn9M78k3MNdZCtTt,0.013422818791946308,2,149
63,3,JDk3SyixsXmWtiLYg,0.0335195530726257,6,179
63,4,GtA49pK8QFZsZwHEH,0.017937219730941704,4,223
63,5,c5Rw3zcc3HR66LzMH,0.010050251256281407,2,199
63,6,hQexTJhKejWPDu7R7,0.013824884792626729,3,217
64,0,rbAj4Z6cjjRziM8wz,0.0,0,43
64,1,T9wyipDGT95QDS4vW,0.0,0,89
64,2,vbKrfdXhCFrrBxHWR,0.0,0,149
64,3,WFT7zcKdDprvmgnRu,0.01675977653631285,3,179
64,4,7HZyjXCKxx9KaLAXZ,0.013452914798206279,3,223
64,5,fcNQZbxMKFRGup2RK,0.020100502512562814,4,199
64,6,5RYAGfgrHuaotKuRk,0.004608294930875576,1,217
65,0,5qQSCxH5fK4y8NmXB,0.0,0,43
65,1,kDb572djAnN94D9EA,0.011235955056179775,1,89
65,2,t6seYc9jg8TBLeRaS,0.013422818791946308,2,149
65,3,aiCxpDrT8vNzLDokr,0.01675977653631285,3,179
65,4,XRc5BJ5rjkKngQp58,0.008968609865470852,2,223
65,5,TMWK5zpvqsZXoiL5M,0.0,0,199
65,6,Dtyy3FRb7mNbTNe7v,0.013824884792626729,3,217
66,0,FSyxRrNNG7s5G5xYS,0.023255813953488372,1,43
66,1,BbLeRryzutugAcSmw,0.0,0,89
66,2,mGtbdFvdx9AaHyfuv,0.006711409395973154,1,149
66,3,jyvG9QciruA3yzeBi,0.0223463687150838,4,179
66,4,49yE8CXJeSmSyi3nY,0.03587443946188341,8,223
66,5,FLFSFipJ9zJ4rybw7,0.020100502512562814,4,199
66,6,CzPqHTbmBHvwQ79Hy,0.03225806451612903,7,217
67,0,yEPYhXWBi7YpqZnc8,0.0,0,43
67,1,Dj2M4L5xv7kouD6GB,0.0,0,89
67,2,br6ncG6pptoufuwPb,0.0,0,149
67,3,sfLARjPLqp3fYLapr,0.00558659217877095,1,179
67,4,8AQgCGDZdLTCvbyGY,0.013452914798206279,3,223
67,5,fFtDG33MMxYKfGvAk,0.0,0,199
67,6,NhHvo7xKDHBDtwQZW,0.009216589861751152,2,217
68,0,tYD9Fcui3WarMSd7o,0.0,0,43
68,1,Nx7XZfw2EPcGoPmNT,0.011235955056179775,1,89
68,2,SLK4rA5fCbeTsgHn5,0.0,0,149
68,3,mmnpxm5rYiuPxhPrF,0.0,0,179
68,4,eyiMvpyTYbj5mM9Kr,0.04035874439461883,9,223
68,5,X4xrKEYmNiFnpatms,0.010050251256281407,2,199
68,6,Jn34hfuEDi7iXrMPq,0.009216589861751152,2,217
69,0,FeY2CYznqHzpqYupi,0.0,0,43
69,1,ABRJ2wvhors6R9PeB,0.033707865168539325,3,89
69,2,fQaC5dXSm3tmHj949,0.006711409395973154,1,149
69,3,ZF2HpyMmb2X9saarH,0.01675977653631285,3,179
69,4,twQRzaq5mgCpWjsPt,0.017937219730941704,4,223
69,5,43nRWqh4mK72Y9Fe6,0.05025125628140704,10,199
69,6,8Waa6E8koMExHScgA,0.07373271889400922,16,217
70,0,7wayG7Rnn5Y373SSa,0.0,0,43
70,1,tCfqmMaQSWCXMbsXx,0.0,0,89
70,2,9LfRDCCAjiDZKiE93,0.0,0,149
70,3,aCabR5XsAPi8jdrdK,0.0,0,179
70,4,P5A8oPd9DrftJPWnC,0.0,0,223
70,5,XvhW3nquEkcQD7tua,0.0,0,199
70,6,LsFRLghFExXBpLiv9,0.0,0,217
71,0,wDZ6vunkGd54iscoG,0.023255813953488372,1,43
71,1,BQki2xf6CemhAQdXb,0.011235955056179775,1,89
71,2,HTcuoPJuSTuuiRRiY,0.006711409395973154,1,149
71,3,SjuSWaqhF8KTRWRiC,0.027932960893854747,5,179
71,4,F87RSAdBHyZCXyzmp,0.026905829596412557,6,223
71,5,6ga3v4pWhtBuxpPDD,0.03015075376884422,6,199
71,6,7uw2euRac6me5awXk,0.03225806451612903,7,217
72,0,pt5xLtMqMcuBaJRtf,0.023255813953488372,1,43
72,1,ddYGfGzRYY9f2u3Pg,0.011235955056179775,1,89
72,2,2ix4PRzv9ED2wK398,0.020134228187919462,3,149
72,3,vkGByiYBbPWT65Jrc,0.0446927374301676,8,179
72,4,FP8vAEtJmmpdW5tMt,0.053811659192825115,12,223
72,5,ztBw5MwMod7PBH7sM,0.035175879396984924,7,199
72,6,ffksyXg8EGHeqi2dZ,0.041474654377880185,9,217
73,0,R2W44SCTeFDr8Ju8A,0.06976744186046512,3,43
73,1,aeMXayKQxdYGi5mkq,0.033707865168539325,3,89
73,2,CQZzgseSPr64Ziyup,0.020134228187919462,3,149
73,3,qoQTryJmHWpqeu6Np,0.09497206703910614,17,179
73,4,gk95SMThWRo5gPeSC,0.03587443946188341,8,223
73,5,GHtB7Fkrffq8Ji4aX,0.04522613065326633,9,199
73,6,hnmB5HbTzuekawMhb,0.03225806451612903,7,217
74,0,fr94WG7YXsDvqcTiK,0.046511627906976744,2,43
74,1,bWwMKzK3fidpJMi4W,0.02247191011235955,2,89
74,2,9n3Gs9LWrqcBd3eCm,0.053691275167785234,8,149
74,3,8vcrmETwExBGkwPBx,0.061452513966480445,11,179
74,4,hx5kHgY5F8q62Sx7E,0.02242152466367713,5,223
74,5,PYW5kK6sQbwjwZPxk,0.07537688442211055,15,199
74,6,qKJn92psRAfEWn8kQ,0.03686635944700461,8,217
75,0,GNNakkemdWtNSQzt5,0.0,0,43
75,1,h59JvfYRZyLeiy8jP,0.0,0,89
75,2,Rjn8L8LWxKdnq3WC6,0.0,0,149
75,3,pFneqcgaA5NDQHkdR,0.0,0,179
75,4,MdDjoCFkmgwaAb6Ai,0.0,0,223
75,5,vxMqG6zzKBneDZz3S,0.0,0,199
75,6,6yD5STx494m6ugEdk,0.0,0,217
76,0,MwYm4TF4sr6iLWhmT,0.0,0,43
76,1,N9gqExdz5qkz2SvpD,0.0,0,89
76,2,q8hPz4E8YkcB9HvRv,0.006711409395973154,1,149
76,3,hctvimgi4Lvk5a2rn,0.00558659217877095,1,179
76,4,hitpLHhCxDsZdsC9t,0.004484304932735426,1,223
76,5,GYzPSxwT6WuLkCJuG,0.0,0,199
76,6,JDJo2J5FDHonGJb26,0.004608294930875576,1,217
77,0,bSYJrZEzjSnA2GwWE,0.0,0,43
77,1,aLXRtLvkFvBDoK5tK,0.0,0,89
77,2,2tnSE5ZMP3PtBed2M,0.006711409395973154,1,149
77,3,LDWBpBinnoNxNwNbk,0.00558659217877095,1,179
77,4,vDvWNm9S86HmQAX5Y,0.008968609865470852,2,223
77,5,kAPp7t9BHCXKxGLr4,0.005025125628140704,1,199
77,6,3CEitKKgHrtyYRRBE,0.009216589861751152,2,217
78,0,P3ueHX2wdyoLBvkCb,0.0,0,43
78,1,rgT6rcXcpDd6PohGA,0.0,0,89
78,2,yKgBLWnDuqngPWdQF,0.0,0,149
78,3,v6J3hkMpbgDh7MpgQ,0.0,0,179
78,4,pGwdTi5PPSYhQ4tSP,0.013452914798206279,3,223
78,5,dknB89qhkfh54kZTm,0.010050251256281407,2,199
78,6,s8tbsiWenhzTPMKBx,0.013824884792626729,3,217
79,0,T5jSXfWnyea6FBQHG,0.0,0,43
79,1,HhoyJxiLtY3M99nPm,0.011235955056179775,1,89
79,2,m63pNsLxRgK7bLq8a,0.0,0,149
79,3,pefFM9eMghCytXjNT,0.01675977653631285,3,179
79,4,WeQb3aNKkvohRzfqT,0.008968609865470852,2,223
79,5,FQrHFaJgxHBuzWJuF,0.01507537688442211,3,199
79,6,GDo3FNgoSAkyfNzYR,0.041474654377880185,9,217
80,0,2mv7Kg2oKWdybH8C9,0.0,0,43
80,1,Y6hgRgvk4z2WRXdJJ,0.011235955056179775,1,89
80,2,9bKDxXmeXwxjw3d88,0.020134228187919462,3,149
80,3,oK2DEQRab5MAfjnNP,0.0223463687150838,4,179
80,4,gqNsYjQEhWHHEQAnS,0.017937219730941704,4,223
80,5,fykg87omecpEbQubW,0.03015075376884422,6,199
80,6,RwGmgtRc6sgwejZFK,0.03225806451612903,7,217
81,0,pjLQeD7WxhDwJYgAk,0.0,0,43
81,1,ib2gA3Df9TNSP5JKG,0.0,0,89
81,2,D8knjAGGyNqTMoJS3,0.0,0,149
81,3,r3BLQFKCxZKjM8sjT,0.00558659217877095,1,179
81,4,p9trqFPqv7cun7YLa,0.013452914798206279,3,223
81,5,yiJ8LBv8CoSfLe5G6,0.01507537688442211,3,199
81,6,6xN2z4wcrxTtZaRtd,0.013824884792626729,3,217
82,0,HAmPYd3QEJq58jNdn,0.0,0,43
82,1,vX5B23qdTZ6ePLTZ3,0.0,0,89
82,2,DAFyT9kaawozyyhid,0.0,0,149
82,3,ZYufhgosdaFaM6sPB,0.0,0,179
82,4,whMZY8HAazGrMejPg,0.02242152466367713,5,223
82,5,GTQGC7C5mMxAnwWx2,0.020100502512562814,4,199
82,6,rn8pQNiKc7MGqyHzC,0.03686635944700461,8,217
83,0,mxHjkymr7JyqkGxRx,0.0,0,43
83,1,peAymEfRFyFjjY25J,0.033707865168539325,3,89
83,2,MvgzuCScyJWmLQ8eF,0.020134228187919462,3,149
83,3,fGuCp9EcA4N9jpr5v,0.03910614525139665,7,179
83,4,k3CbZQKENu3TJqW37,0.03139013452914798,7,223
83,5,RmtfwcC9iY5C8ysZv,0.020100502512562814,4,199
83,6,XgmJNSeauY2JKQkLM,0.06912442396313365,15,217
84,0,PjNC8kNNH7jvbscEc,0.0,0,43
84,1,Q5mZxD3v3RAdinmDY,0.0,0,89
84,2,YTWnck5paCS8npMHP,0.0,0,149
84,3,WmbLNzxHs7QggwpF9,0.01675977653631285,3,179
84,4,LxndAWrTg87TmKjmY,0.017937219730941704,4,223
84,5,MqmZEKRLosNpkZFMu,0.02512562814070352,5,199
84,6,63LheCEp96CAQjgu8,0.06912442396313365,15,217
85,0,PPrGiwNZxt5eQGtAg,0.0,0,43
85,1,qen89KoJ6GSKcsKyM,0.0,0,89
85,2,JxWsTQfYWM2qSAWFE,0.04697986577181208,7,149
85,3,Roc2t4kwGumhYy83y,0.0223463687150838,4,179
85,4,GY2YfirtSFsioaGhG,0.03139013452914798,7,223
85,5,2DJ2k6kdMvowazShG,0.04020100502512563,8,199
85,6,yYrgXSuGFsvRCY6xv,0.004608294930875576,1,217
86,0,h6nDJGWbjcASj4sxN,0.0,0,43
86,1,s3xEN7ZcfrxLyjXvs,0.0,0,89
86,2,nQTP7bgGLhvK5zCkw,0.006711409395973154,1,149
86,3,9hGy5xeAmAFsFHYzT,0.0335195530726257,6,179
86,4,NuqfPAL9t7nRALKvm,0.04035874439461883,9,223
86,5,uEWn3Lqh8SNKZDurf,0.05025125628140704,10,199
86,6,YAkbiiuFaatqXzF68,0.027649769585253458,6,217
87,0,3NiSEXSPNZA6BCTZp,0.0,0,43
87,1,H669ntNXB5cjqbeqt,0.0,0,89
87,2,aWczZHBjqJhxK83Co,0.006711409395973154,1,149
87,3,RPWB7d8yxJyYivLSX,0.00558659217877095,1,179
87,4,xMYrbaohFCh9dbjkJ,0.04035874439461883,9,223
87,5,TMJcEFZZjmAdopPtK,0.03015075376884422,6,199
87,6,WfqaHm2DPXPMxYnSw,0.02304147465437788,5,217
88,0,MxepjqfQfTnZvsYAc,0.0,0,43
88,1,xCE2s7FAh8Tt6So83,0.0,0,89
88,2,Cuz2JRB99QucrvC9A,0.026845637583892617,4,149
88,3,dAEYPjdWyNA3hZMnQ,0.01675977653631285,3,179
88,4,bXs8SvFHzfwrzqwGR,0.017937219730941704,4,223
88,5,4q2rGddEW2FWemgk3,0.01507537688442211,3,199
88,6,DvkiiCJwor6J2mDDs,0.03686635944700461,8,217
89,0,xp74J3s2BLJ2k9SXS,0.023255813953488372,1,43
89,1,XDxe4bLRELeL9MPpD,0.06741573033707865,6,89
89,2,ydJga3KQxXCb4M7vR,0.03355704697986577,5,149
89,3,oLivEgd3QvXWfMZ6m,0.061452513966480445,11,179
89,4,vxLiNWqQpT6zd37hC,0.02242152466367713,5,223
89,5,YEfLN7mreE9jL3grh,0.04522613065326633,9,199
89,6,smRpcvuTPrjFRKRDR,0.04608294930875576,10,217
90,0,Q96yXtA6Am2WP5fTg,0.0,0,43
90,1,RrnrAMKMwra3rmExB,0.0,0,89
90,2,m8KaGJfNX3twawxCe,0.020134228187919462,3,149
90,3,WQ7NpNsMrXhpRdXLc,0.00558659217877095,1,179
90,4,3FXLAtQ8Nb7heeF9u,0.02242152466367713,5,223
90,5,5fcpiwSFjkiJH5fxb,0.01507537688442211,3,199
90,6,Jfh4xpbfc8yCALLyt,0.013824884792626729,3,217
91,0,GnNtLWdMnZMtA9LGh,0.0,0,43
91,1,ka2yis6Efjmr9FZxn,0.0,0,89
91,2,NpmmFNyrWkqyzmW37,0.0,0,149
91,3,3hYr3mvDFdSPDaRbE,0.0223463687150838,4,179
91,4,NzLhCD9dnDCun9Hyk,0.017937219730941704,4,223
91,5,oHLayzSAptjJRMYio,0.0,0,199
91,6,uKwqxqcKmqEwpZnrN,0.009216589861751152,2,217
92,0,cga5iqNriG52oi5vs,0.0,0,43
92,1,XsHa2w7uxMd5XTpxL,0.0,0,89
92,2,668HXz5GfHtivGADf,0.0,0,149
92,3,AS9ft7D5hM3oZtkRK,0.0,0,179
92,4,sEabSBAJwvjwQNyfe,0.0,0,223
92,5,HBQQbps5gGymtKmJG,0.0,0,199
92,6,cSKyChELAG4bogrTW,0.0,0,217
93,0,yZ8WAXBBqeCHRjG2a,0.0,0,43
93,1,4GBF2nrPCtbqc7Q7X,0.0,0,89
93,2,q3dGg2NQe8dDqWy55,0.006711409395973154,1,149
93,3,34FpzSScazHxw38pF,0.01675977653631285,3,179
93,4,XfRbqfqaDeX9x7cZA,0.02242152466367713,5,223
93,5,ixodTCNQQzRaEboEC,0.005025125628140704,1,199
93,6,HHPcHdxuBdgmeGyAv,0.0,0,217
94,0,Wws4MXYGyYL3owna6,0.023255813953488372,1,43
94,1,aZLXuZZhhoXxxxcJw,0.0,0,89
94,2,vxga6sG69xozq4gAn,0.0,0,149
94,3,riHaWLxsyBo8Foez8,0.0111731843575419,2,179
94,4,wLGiF3hKCeQwRNsng,0.03587443946188341,8,223
94,5,NL89h6c7cBDEsWMwD,0.03015075376884422,6,199
94,6,CpJQ2yn8G3oceXozT,0.055299539170506916,12,217
95,0,JXEdoXB3dtM5Qpjzc,0.0,0,43
95,1,5f8sK9SwAJHEoMsFk,0.011235955056179775,1,89
95,2,qEKBY8eRb27qBBmDe,0.006711409395973154,1,149
95,3,QyK5Rb23vZLqQkcZc,0.0223463687150838,4,179
95,4,SmpjocWaKCPQkojrE,0.03139013452914798,7,223
95,5,P948N8dcNifncyZA6,0.07035175879396985,14,199
95,6,EvSzTN2dhj3cxow3b,0.041474654377880185,9,217
96,0,CWCmeJydwB7QqF6m2,0.0,0,43
96,1,StijsfGEeeuamvtfX,0.011235955056179775,1,89
96,2,4q5yEhAQoD9MjXA2y,0.026845637583892617,4,149
96,3,YPJAJdqo8TknHMFmh,0.03910614525139665,7,179
96,4,HdB8evs5vwir5mveF,0.03587443946188341,8,223
96,5,4aqyTiZTeRN2XYLsL,0.04522613065326633,9,199
96,6,euunLPmRFPNCZRC2J,0.03225806451612903,7,217
97,0,NXrT95iMjLLyPewZr,0.023255813953488372,1,43
97,1,LB9nw26qQJAnyNHgt,0.0,0,89
97,2,5Tvbts7MMeyqNci9x,0.020134228187919462,3,149
97,3,2e6tLBs6xJig8DtKD,0.0335195530726257,6,179
97,4,gnoLLmn8X9yyLLKhd,0.017937219730941704,4,223
97,5,3i7gsTJ9AcQB2soWb,0.010050251256281407,2,199
97,6,GnD7x62npX9Zdope8,0.013824884792626729,3,217
98,0,iXzxAAk9RZqP8nv8g,0.023255813953488372,1,43
98,1,PeFY292JDNEHB8qfh,0.011235955056179775,1,89
98,2,fNJqpX9PcdxunzdT8,0.026845637583892617,4,149
98,3,ZffFF8pJDGq9fMims,0.0335195530726257,6,179
98,4,5dbhTBYcSTuH4aaKu,0.03587443946188341,8,223
98,5,h286L7w7tyWd6Zx3t,0.02512562814070352,5,199
98,6,YZHhyLWPt6qe4wPkR,0.018433179723502304,4,217
99,0,Ls7R8dG5WQY6e7yxN,0.0,0,43
99,1,BXEmtofGqZbJR2RM5,0.02247191011235955,2,89
99,2,LC4JoF4ziaNPbjJ8K,0.0,0,149
99,3,iLGvJAKrA3JcFjd2k,0.01675977653631285,3,179
99,4,C8HTc79uu8qidkYb5,0.004484304932735426,1,223
99,5,QjwEqi4HfmauCz58g,0.005025125628140704,1,199
99,6,st9oEQQ698ZC4X7qo,0.0,0,217
100,0,ryB3PJDeAHhrC3xjX,0.0,0,43
100,1,D9BFvQNCqYijPmjuv,0.011235955056179775,1,89
100,2,gnofr824uvRvMJdho,0.006711409395973154,1,149
100,3,jYPtJaXnaqGovEnDM,0.0,0,179
100,4,5ruP7TXcXCGiiy2Ss,0.0,0,223
100,5,WLr8qxi7h8cNA7b9q,0.010050251256281407,2,199
100,6,2BcdqEdX4KWkqBvcL,0.009216589861751152,2,217
101,0,8bQuTsxjdbmZWc2q9,0.0,0,43
101,1,pgpYkoryhkWfjP4Y4,0.0,0,89
101,2,dXpBoXmrn3vxtn3Qq,0.006711409395973154,1,149
101,3,g2p5gwpkZiL9MsTob,0.027932960893854747,5,179
101,4,GvxgSt37QDpfpt632,0.026905829596412557,6,223
101,5,83AjPyvx5emkfGLcd,0.03015075376884422,6,199
101,6,y5Did8mCGxB75wJNL,0.027649769585253458,6,217
102,0,xfpRE4sQLY9NiY6Zm,0.0,0,43
102,1,Tgnf7YfawaxK2DcCB,0.011235955056179775,1,89
102,2,tQ8WK88Zx32f3zE8z,0.0,0,149
102,3,N64hnqY2N8ZfCjWEQ,0.00558659217877095,1,179
102,4,XDXyT6vkrvPeTSgXZ,0.026905829596412557,6,223
102,5,2E3xkKfJuxwgTFsBY,0.005025125628140704,1,199
102,6,u7PfDbe6AHga8GCpK,0.02304147465437788,5,217
103,0,FJFufeAaaZKhThykP,0.0,0,43
103,1,csZpYsLrjoSebNDpQ,0.0,0,89
103,2,H9XmrZnRTGELYLrqk,0.013422818791946308,2,149
103,3,5K9FitxwRicii3dfS,0.03910614525139665,7,179
103,4,vrhwqFX6fgofoYGFW,0.013452914798206279,3,223
103,5,CP3PbuNmn3gXfDkCt,0.04020100502512563,8,199
103,6,DRCbNeu5PCkFK9g4x,0.03686635944700461,8,217
104,0,WqmfY2rgii7tXm7in,0.0,0,43
104,1,4dmiDzEN2AyY2cY64,0.0,0,89
104,2,rtKbxhjA5NEm6Mrmm,0.013422818791946308,2,149
104,3,5Lrcmy6EC77NJJRrb,0.00558659217877095,1,179
104,4,xufaSeBxqZJ4nmy9k,0.008968609865470852,2,223
104,5,LQTkjyTpSDR4ks75R,0.005025125628140704,1,199
104,6,45zLyhaTwJtn3cAF3,0.027649769585253458,6,217
105,0,B4zyGX4PqLhKDsBuQ,0.0,0,43
105,1,3TQD6S8QvGY9Cn3HQ,0.033707865168539325,3,89
105,2,CRLxAXMok5YRDhBAH,0.006711409395973154,1,149
105,3,bEiLSMB7ipuGrDosZ,0.027932960893854747,5,179
105,4,6jayW2LMcyZpuBqkR,0.017937219730941704,4,223
105,5,ZQTiyZKH4f6kHYa2p,0.010050251256281407,2,199
105,6,BfkhxSesaPrCHTRKa,0.02304147465437788,5,217
106,0,FortSAf3TWnxRnMv6,0.023255813953488372,1,43
106,1,D6yQQrpxozSieTA75,0.0,0,89
106,2,ChozSAJXgNC7wZCa6,0.026845637583892617,4,149
106,3,GFpJzAWogbrwip8Fj,0.01675977653631285,3,179
106,4,bYDxMoRKh9uoDHPAo,0.02242152466367713,5,223
106,5,5PAKCmH3sKGTAN2gC,0.020100502512562814,4,199
106,6,yejuZtkm4enbfGaX5,0.02304147465437788,5,217
107,0,jix6tiWLK94ZoLyrr,0.0,0,43
107,1,FA7spbrtTW8YtB4gH,0.0,0,89
107,2,GnCT7bpiuFNKqoNuu,0.020134228187919462,3,149
107,3,Hky6F2hdoBumakTYY,0.027932960893854747,5,179
107,4,7RCv4RwvCCpErBR57,0.02242152466367713,5,223
107,5,awch5zSyedzhCkEjm,0.005025125628140704,1,199
107,6,9J3fjgJ3vmzEKiryc,0.03225806451612903,7,217
108,0,cQnKKrgqKQvW4GSK2,0.0,0,43
108,1,LtPk2XRgAtJay7fkr,0.0,0,89
108,2,MTBGuJ4KrGts6k7s5,0.020134228187919462,3,149
108,3,nqA4sdr86ac7c3iaH,0.00558659217877095,1,179
108,4,66BGXEJLyemMaAnro,0.013452914798206279,3,223
108,5,PQdiNELRrYBBNaQY2,0.010050251256281407,2,199
108,6,r9JdwniYW33GmAvg3,0.013824884792626729,3,217
109,0,aBod79XZCjiyXayga,0.0,0,43
109,1,f3EYZPWjbMP4BFsee,0.02247191011235955,2,89
109,2,RTFy3QLTQ75YzNavc,0.020134228187919462,3,149
109,3,8vjCD9ZynheQt6k3w,0.0223463687150838,4,179
109,4,ygC8i6orK7veThYju,0.026905829596412557,6,223
109,5,6xMrLkwjzHabbAf3f,0.04020100502512563,8,199
109,6,n9JmLnGyN8fCr8Es4,0.02304147465437788,5,217
110,0,Zpcq2QomGSq8LAMuY,0.0,0,43
110,1,eR4QGg4aYeZCqtwF6,0.0,0,89
110,2,ahNnJyWtFRTfXDmvQ,0.0,0,149
110,3,AzMFdLd2jpc9khPyA,0.0,0,179
110,4,Nyv5it7t9s644ECsJ,0.02242152466367713,5,223
110,5,h4yDcEnTuSLXQZtxN,0.005025125628140704,1,199
110,6,qqXDhLvyGtR5dbdeh,0.02304147465437788,5,217
111,0,t6yQfNfMpqRPsuY5z,0.0,0,43
111,1,iQgRNfYTK2rCA2Jcf,0.011235955056179775,1,89
111,2,3Jo7owhyMWNwxJotB,0.013422818791946308,2,149
111,3,AiwHy8SR6JiGfonce,0.01675977653631285,3,179
111,4,iiJE5jNSJrtLgF65x,0.02242152466367713,5,223
111,5,td9sGrMWvDyrrGugk,0.020100502512562814,4,199
111,6,ehzzhzuFHApFJvZu6,0.013824884792626729,3,217
112,0,ZhTxJGnYsbwWMtYkm,0.0,0,43
112,1,FGcYe26FH9dW9xb3T,0.0,0,89
112,2,ZRd463jF9in9WxT2J,0.0,0,149
112,3,zJ96giSbCWkoeFZ9K,0.01675977653631285,3,179
112,4,BRvjNW5kvh4pnXini,0.03587443946188341,8,223
112,5,2qvBbYQWfKYntgP2b,0.01507537688442211,3,199
112,6,3kiQJRaGpzRDZj7JZ,0.02304147465437788,5,217
113,0,6pAGjCZR9DvZetX5S,0.0,0,43
113,1,JBhSb3dGEn8Ao2JTo,0.0,0,89
113,2,2EPJccPfFoFLE3KKF,0.013422818791946308,2,149
113,3,RCz9H34cL3nKRnBc9,0.0223463687150838,4,179
113,4,a32qTCmR4iDLmchBR,0.02242152466367713,5,223
113,5,dz2qzxZzSFb4Z9hB2,0.01507537688442211,3,199
113,6,TP9j2PaCiydJLF2ib,0.02304147465437788,5,217
114,0,7nzGiTRASoc9nNasg,0.023255813953488372,1,43
114,1,rLdvnRQKQ4AJobZHp,0.0,0,89
114,2,8j3XXxRtz2m3AX5np,0.020134228187919462,3,149
114,3,XRQmeW3zqR6NgE6pW,0.0111731843575419,2,179
114,4,yNi8T7WXWLEGyw6di,0.03139013452914798,7,223
114,5,89yAT3FF3DAf7DCQ5,0.04522613065326633,9,199
114,6,WvWgNm2WNSy3dYsbj,0.013824884792626729,3,217
115,0,ErT6447p6YBsqLaRt,0.0,0,43
115,1,fDuXrgEYvMrxGhSCK,0.011235955056179775,1,89
115,2,sx8f8RDrt2bGNaGQ3,0.013422818791946308,2,149
115,3,ca8e8ka8zwb4kiaaQ,0.0223463687150838,4,179
115,4,5FsJ8W8WjE3ySETY2,0.017937219730941704,4,223
115,5,ZZm8Xbdfvdb9xu9DE,0.09547738693467336,19,199
115,6,ApFDNGMGG9dCAeqE4,0.041474654377880185,9,217
116,0,6dzpicLKQhp5SkGMR,0.0,0,43
116,1,fgDnMNqMBRrMyiTXM,0.0,0,89
116,2,gePNWNr9kLRiQ56mT,0.0,0,149
116,3,cxLZccY63FnHW6JMq,0.0,0,179
116,4,a7tyDDs34FoLMrdGx,0.0,0,223
116,5,2yxz4cFwMJDNPezrj,0.0,0,199
116,6,SWKMZ5THnZ3tmceNh,0.0,0,217
117,0,eMjXpENg7xQYPTQX7,0.0,0,43
117,1,zxrJGDekeykBzrP4i,0.0,0,89
117,2,LmejKMyu67NGxnpLa,0.020134228187919462,3,149
117,3,DyTbWokJRWfKDEGNx,0.05027932960893855,9,179
117,4,24XtJZ8hfB4KxryZP,0.04035874439461883,9,223
117,5,jvNzff2G5MLPybsmH,0.07035175879396985,14,199
117,6,Z3SiYjo6WAatpg4hW,0.018433179723502304,4,217
118,0,WeAtro4fam6aMAvf9,0.0,0,43
118,1,gcWdZdKqfzJ5y5hiM,0.011235955056179775,1,89
118,2,KFmkmvzFcenE9skgE,0.013422818791946308,2,149
118,3,at3GMXNXnGrP72LFY,0.027932960893854747,5,179
118,4,wtZg3JNBb6xP8wBXs,0.0,0,223
118,5,L8rcNSrgYAunuPnDe,0.035175879396984924,7,199
118,6,6CDQ6f8GMfe3GmxqF,0.013824884792626729,3,217
119,0,AJ5xiDjRhkTq2YhWu,0.0,0,43
119,1,jpTeWHWjTyTKW48GE,0.02247191011235955,2,89
119,2,iGe4TFrYXfuZB36za,0.020134228187919462,3,149
119,3,cfmL9yCepyCt3SSN8,0.0446927374301676,8,179
119,4,Mh59aMBGtushSMRKy,0.008968609865470852,2,223
119,5,8ayGTaiC5uui2Nce4,0.02512562814070352,5,199
119,6,DC8rsz43dSBnatQvd,0.07373271889400922,16,217
120,0,Trn8gnjH5xonjxuHM,0.0,0,43
120,1,cyHLbM8eJmDaCKxy9,0.02247191011235955,2,89
120,2,zxdZrzN8PEvikrNrR,0.006711409395973154,1,149
120,3,nGgy9dFbo5Je7hyZK,0.01675977653631285,3,179
120,4,kHRHNe4CgMc7moGef,0.026905829596412557,6,223
120,5,mN3wvcCLWRm2kHpp5,0.02512562814070352,5,199
120,6,PkiurAGKQJM3nFbGd,0.02304147465437788,5,217
121,0,73gX3yin7GNTFTJyw,0.0,0,43
121,1,XTvkK8gyucbLfHkLi,0.0,0,89
121,2,fJzGi53GWcPnQH7SR,0.03355704697986577,5,149
121,3,MZrnxLQNWzjZSB8z6,0.0111731843575419,2,179
121,4,29WkpcERe975SFGDg,0.03587443946188341,8,223
121,5,fQc34YSzNaYYwYvHF,0.04020100502512563,8,199
121,6,5k9qYybEwQz2Z9ipn,0.004608294930875576,1,217
122,0,SE9p9zmchijj2gJyN,0.0,0,43
122,1,68cTJQR8n7b9S26xb,0.011235955056179775,1,89
122,2,dYKBiXTj8Z5NpGsho,0.006711409395973154,1,149
122,3,PG2EstWPZhd4q5MHE,0.027932960893854747,5,179
122,4,LqCT3CDMvoicj54H3,0.026905829596412557,6,223
122,5,yH5NxzErxkPbFjW9S,0.01507537688442211,3,199
122,6,dbWizB3rQY3HQBPxZ,0.013824884792626729,3,217
123,0,7D3xy5mcGoBxCidDz,0.0,0,43
123,1,HkLa2o8qkbpcBcNbQ,0.011235955056179775,1,89
123,2,JXgwjAYcEkLnmdWad,0.0,0,149
123,3,PG6eimx548gr2Lezh,0.0111731843575419,2,179
123,4,B3niPf94AaqhT29YR,0.017937219730941704,4,223
123,5,mtkKJKNuW2Fsc8gri,0.010050251256281407,2,199
123,6,3GLLB2YApeqGDpErA,0.018433179723502304,4,217
124,0,jWPdvTg7ted2A6tXT,0.0,0,43
124,1,BxHdQJzMBS6FDeJcT,0.0,0,89
124,2,3CodHcZxDeoeuQ2sD,0.013422818791946308,2,149
124,3,3A2TKqfetmhre6LsP,0.0223463687150838,4,179
124,4,hJYyrthwezF4jQD58,0.004484304932735426,1,223
124,5,GgSD9qziDRtSSwJKN,0.04020100502512563,8,199
124,6,ZvTj62pyY3cAdrY7p,0.027649769585253458,6,217
125,0,EayHdsQ5YQAjmgwCp,0.0,0,43
125,1,55fLeQ56Z3RDawdfa,0.011235955056179775,1,89
125,2,dPehRtk8k5hpyMraX,0.006711409395973154,1,149
125,3,BLxuFftycX4LcPSDm,0.027932960893854747,5,179
125,4,TcDdoze6N6Yhxgnbt,0.03587443946188341,8,223
125,5,8EggqaXuNAhN6F2wN,0.035175879396984924,7,199
125,6,jzJZnahFvtJm9JoGz,0.04608294930875576,10,217
126,0,T6y9GHq9vMhNhz48H,0.0,0,43
126,1,f734S3wWcZ55YdhYK,0.011235955056179775,1,89
126,2,qWFwZAgdW3SXwvLkM,0.0,0,149
126,3,d9Jb6Ha3Rh9sh4TzY,0.0,0,179
126,4,CFhTkuNRzKuYprPTd,0.017937219730941704,4,223
126,5,kNWkEKXhGrnGfnzjB,0.01507537688442211,3,199
126,6,yiSLbcr52t8FCZbvz,0.0,0,217
127,0,6g6H5pCaZP97JqYDP,0.0,0,43
127,1,9svBRrmDHbGoTQ5yH,0.0,0,89
127,2,wro8hHAv57zD5d9P5,0.006711409395973154,1,149
127,3,DBzicM6Zc79HxXcGZ,0.03910614525139665,7,179
127,4,pmNxvjbohWPhuHCdx,0.026905829596412557,6,223
127,5,9LhbjgckAN6i7tYvd,0.03015075376884422,6,199
127,6,Xn9ApdqrYkzZHCDrn,0.018433179723502304,4,217
128,0,LYxFB2gfsgRLttCs5,0.0,0,43
128,1,oW9QuccuMnr7PQeu8,0.0,0,89
128,2,sxxMuWyn6rrizMW7c,0.013422818791946308,2,149
128,3,GsCK3gWfiEeCAtfBg,0.0223463687150838,4,179
128,4,sK2SkXfm3tS4reZPa,0.017937219730941704,4,223
128,5,qacDYw8Cvh9zLxog7,0.020100502512562814,4,199
128,6,iupcQbDkKq8C8zB72,0.013824884792626729,3,217
129,0,ddJ6AmMRq4XTvpZ7v,0.0,0,43
129,1,x3XPn7EN5hNETWsxg,0.011235955056179775,1,89
129,2,8BJmgmWX86NAb8T2k,0.013422818791946308,2,149
129,3,5L5LdAhHvLPzYjGTA,0.027932960893854747,5,179
129,4,XpYsELAoxefxaqgAG,0.017937219730941704,4,223
129,5,pnnejbGcys7rPwGJ3,0.035175879396984924,7,199
129,6,BtbWQMEhgMyLQ5fMK,0.018433179723502304,4,217
130,0,ThQGf6jczuv6dm52a,0.0,0,43
130,1,mGtWaJwfcxuGpaGij,0.0,0,89
130,2,QG84cAXKit2DKBJxD,0.0,0,149
130,3,hx69S6QFftGd7Qk4K,0.0,0,179
130,4,Z8RnhRhNBcM2APy9f,0.0,0,223
130,5,cLS6YvyeqzWo5RuYE,0.0,0,199
130,6,BsY2aGp3QMbGcCWnh,0.0,0,217
131,0,AzzQ3vRjhxXkG95rJ,0.0,0,43
131,1,2Ypdr564a7ZK2LBog,0.0,0,89
131,2,yHP6gCsbmuyTBxHkM,0.0,0,149
131,3,PjsHpCpqowaopTh3R,0.0223463687150838,4,179
131,4,2e5MaPK6Cfxd6PnvA,0.02242152466367713,5,223
131,5,7QNsu42S7gfRrJanq,0.01507537688442211,3,199
131,6,9mZPjBv9sYbE5QAsB,0.041474654377880185,9,217
132,0,n3eiNJ7n3FZPM7i8M,0.0,0,43
132,1,ak4KPBxATxrggzD2f,0.0,0,89
132,2,8dbMwkv6gMG2cxdNH,0.006711409395973154,1,149
132,3,ruTfbyKNRoEEqJ4Z8,0.01675977653631285,3,179
132,4,nnxJTgsz2oEKYZywr,0.03139013452914798,7,223
132,5,BErEnZJ3qCHs9Dwyt,0.020100502512562814,4,199
132,6,bfcJtBnuHi4dyrksF,0.03686635944700461,8,217
133,0,nN6YgungFyE7BGEQG,0.0,0,43
133,1,6BuJSHzyhHNXtukrf,0.0,0,89
133,2,CisFj4P4QP2PdiHGh,0.006711409395973154,1,149
133,3,525g8iRmFcTnZ68hc,0.00558659217877095,1,179
133,4,5rstBoERWMmaoTzMM,0.013452914798206279,3,223
133,5,PsaD5gaQBTxK4cGfc,0.035175879396984924,7,199
133,6,7BPQCeYkDmsnT6Prw,0.018433179723502304,4,217
134,0,5rekENri9GDeoCK45,0.0,0,43
134,1,3aMEDBAsJqjHKhiKX,0.0,0,89
134,2,p6eyKxYF4Tcu5ZJdo,0.013422818791946308,2,149
134,3,kG7KgJT5B8E7t6NCh,0.0111731843575419,2,179
134,4,hKLnWmQRSjyQKhTqW,0.008968609865470852,2,223
134,5,FNwyXeTdckS5nuzLB,0.0,0,199
134,6,XjyRqyqNvJcBJxYmw,0.05069124423963134,11,217
135,0,sPSNsqfhFNSjWFBEL,0.0,0,43
135,1,hKSwn7qNcuNHHaTm4,0.0,0,89
135,2,DQzpC65WanaRx6oDr,0.013422818791946308,2,149
135,3,gECjeeP5y4aJo6B5t,0.00558659217877095,1,179
135,4,RumKhxLNXJCzauQHP,0.03139013452914798,7,223
135,5,aFKvKKpSAeoKyWT2F,0.02512562814070352,5,199
135,6,59gHih5m2XzxdxFrk,0.004608294930875576,1,217
136,0,ou96WTuqBHoZGuhsE,0.0,0,43
136,1,eDADZa6umMCeB2a7t,0.0,0,89
136,2,K22umZthiCyy4jr6Z,0.026845637583892617,4,149
136,3,L8PyhLdMc9dQuoMHd,0.0223463687150838,4,179
136,4,PBbZhx9gNRRGKgvGP,0.013452914798206279,3,223
136,5,6TGymuH4Gg3NmXf4E,0.005025125628140704,1,199
136,6,bFXXrT6wYcg5ykwR5,0.009216589861751152,2,217
137,0,oxCWWH2CwhQoNFrZu,0.0,0,43
137,1,4G2ELd5ADN9XL9k7G,0.0,0,89
137,2,DFv4oCZtTSEwdWDbJ,0.0,0,149
137,3,jQhY7bRGjPXux4P28,0.0,0,179
137,4,LodnYDcwEopGMLRRC,0.004484304932735426,1,223
137,5,kMfgAciCWqHjPre9c,0.020100502512562814,4,199
137,6,trS4B8MZrxdTcvF33,0.04608294930875576,10,217
138,0,nAoH3yHejqkHcKHmM,0.0,0,43
138,1,viQXT3REkMe4QoJ4D,0.02247191011235955,2,89
138,2,gcaqdFcdzH7YkrdxD,0.006711409395973154,1,149
138,3,o4hmYG8fmkBCaZsCr,0.0335195530726257,6,179
138,4,5LGLSix98bFkyygqC,0.013452914798206279,3,223
138,5,XwrqPdN79FxNQoKQz,0.035175879396984924,7,199
138,6,WiZwp7k6fminSGZGn,0.027649769585253458,6,217
139,0,4Mk4DPDYNwEyrPuni,0.023255813953488372,1,43
139,1,JqTZ9LcZY9o3zmrJ5,0.0,0,89
139,2,RoB4B9uSWbdqKPzZr,0.026845637583892617,4,149
139,3,zMQH6gD4svCzuoCyh,0.0223463687150838,4,179
139,4,fDPqrriN7XXLPhZAJ,0.026905829596412557,6,223
139,5,2wqtYNAPH6sKdfbBB,0.010050251256281407,2,199
139,6,GEpRJC5uAog89Nsgi,0.02304147465437788,5,217
140,0,RRYRH88fwSHHpAZkp,0.0,0,43
140,1,kRTWTDPxhS2qjA8J8,0.0,0,89
140,2,37n4FmpuuRuj3GgxT,0.006711409395973154,1,149
140,3,EFjPnQoZEMeE6eKwE,0.0111731843575419,2,179
140,4,dahS6gaFquhknAEWL,0.03139013452914798,7,223
140,5,4wjMHwfDccSjuLsfm,0.03015075376884422,6,199
140,6,ASWTiixHTatzD7ouL,0.018433179723502304,4,217
141,0,nganJWkH2SSwt3EsK,0.0,0,43
141,1,6SADkjrWGcgbmvtgf,0.0,0,89
141,2,Wafsbb2RzmKGY3y88,0.0,0,149
141,3,grswCy6SN3amfRW8y,0.0,0,179
141,4,qxupWPjNNtkKpa7Zn,0.0,0,223
141,5,PmFA9rpazLWmXN2RH,0.0,0,199
141,6,cjB7KWijnBxFMqiPW,0.0,0,217
142,0,DBdxFxZXqffwP9GCF,0.0,0,43
142,1,yAnz3nbuPSWXP62mm,0.0,0,89
142,2,d3vQpLyqwnc85Qmmi,0.006711409395973154,1,149
142,3,QRrvxrm9Jmf6JKCP9,0.0111731843575419,2,179
142,4,zDk8JeBZx8rZshQLe,0.013452914798206279,3,223
142,5,WMy3R3YuJSrc8Y4Xq,0.01507537688442211,3,199
142,6,iQBkvNjFHzgZkLRqB,0.009216589861751152,2,217
143,0,HwAArBKHGz5KLfDcj,0.023255813953488372,1,43
143,1,pwrWYmsnL9xuRCtK3,0.0,0,89
143,2,mQGrn7aFdkLr7PQx9,0.006711409395973154,1,149
143,3,fLyiGjRKqWwGeNdas,0.00558659217877095,1,179
143,4,2aewAKjnvbszsbkkd,0.004484304932735426,1,223
143,5,qEPmzKrZ5v4HNeetm,0.01507537688442211,3,199
143,6,uj5s3pZw6qgD7dNGq,0.004608294930875576,1,217
144,0,Nm8f7QuhLCKsLmGyG,0.0,0,43
144,1,zmKijmZaoSgpResFj,0.0,0,89
144,2,HLTHMTaa6nPAxHAky,0.020134228187919462,3,149
144,3,hji2YAgY57wP6JtQW,0.03910614525139665,7,179
144,4,6dAbHNaBR63uaDgs7,0.017937219730941704,4,223
144,5,djsi2AdKi3Nu4isiy,0.035175879396984924,7,199
144,6,HhLJugvXJMNJN9RmQ,0.02304147465437788,5,217
145,0,cprgazeicq2bhdT2h,0.0,0,43
145,1,q9jezNuouQDM85evC,0.011235955056179775,1,89
145,2,r8aLq4BfTjniZMEMK,0.04697986577181208,7,149
145,3,R5rfr37i9ECEYzWTk,0.0223463687150838,4,179
145,4,7JMCXJuXhd9vTLNd2,0.03139013452914798,7,223
145,5,Rxqdhykv5CY4j3meu,0.05527638190954774,11,199
145,6,i4pWkaopJhkjD85Cn,0.12442396313364056,27,217
146,0,n65Mgj9Cbrk2PrBwB,0.0,0,43
146,1,5oC6uH8H7Y4JcTMLw,0.011235955056179775,1,89
146,2,3GKraShEXDyf9L6Fa,0.006711409395973154,1,149
146,3,2nZ2spGNvBXMRnPMe,0.0111731843575419,2,179
146,4,tzgSDhWmdcB5W3RPb,0.02242152466367713,5,223
146,5,WdCycMf64QoyyWxj8,0.01507537688442211,3,199
146,6,TzGz9pe5fGWva8v5T,0.03225806451612903,7,217
147,0,gcHKhC9XgNxmFgx9v,0.0,0,43
147,1,pwTKGvijeQgRjFYLa,0.0,0,89
147,2,77MXWEey5fCGMi2za,0.020134228187919462,3,149
147,3,EFgDmkhhtGiFF5QTF,0.0111731843575419,2,179
147,4,5bSiJoR3eR5f7FxfA,0.008968609865470852,2,223
147,5,YiD7L3ro7hJ9akAFL,0.01507537688442211,3,199
147,6,LqmHXbefaq6knnWxi,0.018433179723502304,4,217
148,0,wKZv6BsQboAHnFEDK,0.0,0,43
148,1,X4szK4WSR9FX3Lgf4,0.011235955056179775,1,89
148,2,qqCAauWYSjD47zAbu,0.040268456375838924,6,149
148,3,kdZaMpgHbL4oj5ZBT,0.027932960893854747,5,179
148,4,gAT4uKidsxNYHnJic,0.02242152466367713,5,223
148,5,nkGrfvu2T5skdoo4X,0.03015075376884422,6,199
148,6,ZYe97Ny9wxFKG5LkM,0.018433179723502304,4,217
149,0,Gqv4h3JXy4tj6EyZ9,0.0,0,43
149,1,pGMSobQA4XXxoMJoL,0.011235955056179775,1,89
149,2,dzbf7jYE2GNPD3nqA,0.013422818791946308,2,149
149,3,Ma2JXadedFRzNEHsL,0.0111731843575419,2,179
149,4,c6n7XAknzitTWm6N4,0.02242152466367713,5,223
149,5,iyLTyr4MFhzgjGXmR,0.04020100502512563,8,199
149,6,t26HTLytHNSgjSAkZ,0.013824884792626729,3,217
150,0,c9oDHrsoJxiFxfbr6,0.0,0,43
150,1,sqsDF5iXPFSNRrqra,0.0,0,89
150,2,hbNxerQWtyp853Qje,0.0,0,149
150,3,u5BbKmweqEwqagNQa,0.00558659217877095,1,179
150,4,knRPs4DhHcwLBDN5X,0.02242152466367713,5,223
150,5,dFfRjJoNHsgbNKPwn,0.03015075376884422,6,199
150,6,XTBaMGefxG3yKecGH,0.0,0,217
151,0,Lx4gvXCvoyWvAizkc,0.0,0,43
151,1,rnZFeHgqaKaAXuDrd,0.0,0,89
151,2,R8bRPER7K92PSHXjN,0.0,0,149
151,3,hHP3HnJXw9TkALyeD,0.0,0,179
151,4,vfFDNtnXwa8Y478RZ,0.013452914798206279,3,223
151,5,GSgw3rHKMTCeGbDww,0.0,0,199
151,6,HpfNg2tKcYb9QiBtT,0.004608294930875576,1,217
152,0,Jg9Z9sT7HH7LKHniG,0.0,0,43
152,1,8uT7gwGXqRWqW6Spx,0.0,0,89
152,2,8KRtxf4Q4CqffvqwK,0.0,0,149
152,3,KgSapwitsiMsQZYpX,0.0111731843575419,2,179
152,4,8KySgASrnetXsZfiC,0.017937219730941704,4,223
152,5,aHYQrJz2sM4HBGgxN,0.005025125628140704,1,199
152,6,edHkfJi4xefHzF4oq,0.018433179723502304,4,217
153,0,ebPD8jWQBCEPjZEDu,0.0,0,43
153,1,m33tdbFPDEnzPWd9T,0.011235955056179775,1,89
153,2,T6hrK2ThD9xe5w9tZ,0.0,0,149
153,3,DYF7ub5kC6HvuvtDT,0.01675977653631285,3,179
153,4,fSB2Z4LrXz3YZPMJa,0.03139013452914798,7,223
153,5,uW6RjRgAS2H2pQfKE,0.03015075376884422,6,199
153,6,wZQMhA22FhFiuubAZ,0.009216589861751152,2,217
154,0,BSDTMAHxbaHKhrw7c,0.0,0,43
154,1,Yn3AAvqYksZ8T64g8,0.011235955056179775,1,89
154,2,BWnihsrEjxqgkJDNA,0.04697986577181208,7,149
154,3,Tyc5T9CrxwRLi3hpX,0.01675977653631285,3,179
154,4,beoyyE9u8PXz6sZZZ,0.053811659192825115,12,223
154,5,kjeCTTCLQzrKtTAKE,0.02512562814070352,5,199
154,6,MynQF8Gcfpv4tQL4D,0.004608294930875576,1,217
155,0,ZJeKwpr6vMrBLtC3k,0.0,0,43
155,1,upkwbbdEMhJmiGmPZ,0.011235955056179775,1,89
155,2,Hf4sP5z7J2ZNjwC97,0.013422818791946308,2,149
155,3,5btenWuBmWJvhQDDE,0.0,0,179
155,4,oyQqzq8xkDvw8qbDJ,0.013452914798206279,3,223
155,5,8T7qWWcDg2C5jCfgz,0.035175879396984924,7,199
155,6,PMLmRJvqGwyuKkuQQ,0.027649769585253458,6,217
156,0,GPaFAEqwXS9z79gbD,0.0,0,43
156,1,vGzyaEhwcPJijXtPR,0.0,0,89
156,2,vvx5XxgoA8fpjmxu6,0.026845637583892617,4,149
156,3,fidnbSHSumr2ofXRE,0.0335195530726257,6,179
156,4,AZaDgtFiEZLgMca7b,0.02242152466367713,5,223
156,5,7h5r6ptunQoLMJxm7,0.01507537688442211,3,199
156,6,zomqxgqGSRy9sTvDg,0.02304147465437788,5,217
157,0,iaZY539dp9iSijkde,0.0,0,43
157,1,Xyq9XmhwsXCB7ibak,0.0,0,89
157,2,rBypkJpKgQoKohYS7,0.0,0,149
157,3,9TepbAsx3JPGSLn8k,0.00558659217877095,1,179
157,4,774LstaTc7idc8Lg9,0.008968609865470852,2,223
157,5,TFqJhciGQzcfCxeop,0.0,0,199
157,6,wWr9PBRS2k7cX8YNp,0.009216589861751152,2,217
158,0,bzmJxSgkP2oCmzw6r,0.0,0,43
158,1,ToWxCL36kfg6zKfR5,0.0,0,89
158,2,WENv6siv9xGqgXdq5,0.013422818791946308,2,149
158,3,zdCRoFksnue2eqATk,0.0111731843575419,2,179
158,4,bH3KqgtwAuKrSNe5Z,0.0,0,223
158,5,HsTwCpv8Y2Tvq2vDP,0.06532663316582915,13,199
158,6,mEoKyYF5DLRWqrKbn,0.013824884792626729,3,217
159,0,faahgJEKKfZqm7MkJ,0.023255813953488372,1,43
159,1,Bo5kPXzdH28eLwsiy,0.0,0,89
159,2,Z6MspmeHjEMZggMza,0.006711409395973154,1,149
159,3,r3M6zcoEij7ixQdXq,0.01675977653631285,3,179
159,4,r8PFJBuXybWP5Sfbr,0.0,0,223
159,5,8vsC3D9REq8dDcDeb,0.005025125628140704,1,199
159,6,5acCDaATGeXMeMBDn,0.0,0,217
160,0,FbkNcMCiL6SnshS2F,0.0,0,43
160,1,cFbjZ8MBBA3iN8CFe,0.0,0,89
160,2,pAxCgvbtMEZrcRs86,0.006711409395973154,1,149
160,3,7EhzngW6QRYmtrCmD,0.027932960893854747,5,179
160,4,wD96Pt4dDeeCBG3Ef,0.008968609865470852,2,223
160,5,QfdTT5SDHa8g2H36q,0.010050251256281407,2,199
160,6,wB8kkA3mBs4qu7kYf,0.009216589861751152,2,217
161,0,KkNwdTcMhC6TyRdZ7,0.0,0,43
161,1,2igisGZX2vbW57N7X,0.0,0,89
161,2,2aGRMAnQb7jDYLadY,0.006711409395973154,1,149
161,3,Ghy5d934vjQbuw42N,0.00558659217877095,1,179
161,4,BidXGuCoqjRNeYwJk,0.008968609865470852,2,223
161,5,8x6rHixMCpneR8XbR,0.020100502512562814,4,199
161,6,tzbW88BGs2gqAoaas,0.018433179723502304,4,217
162,0,hf3an2oGDWQ8xFY8j,0.0,0,43
162,1,zfkm2ao5hk6o3bc6P,0.0,0,89
162,2,76gbgEWLFAjk4gHYy,0.0,0,149
162,3,gEMArYZWoqY2m559b,0.0111731843575419,2,179
162,4,995oWpJfYLN5scW7S,0.004484304932735426,1,223
162,5,XuPive27cyxrfNzP8,0.01507537688442211,3,199
162,6,2CXi5PB4qa9AWGr4P,0.013824884792626729,3,217
163,0,ajzoJHpkYaGBpCudC,0.0,0,43
163,1,eE2QQEpLGCJQzjqeG,0.011235955056179775,1,89
163,2,9scwmXtLfeYs6nfmB,0.006711409395973154,1,149
163,3,j2PhG7MNraHsCE87a,0.01675977653631285,3,179
163,4,TGm4TB7o48fJjN7BC,0.017937219730941704,4,223
163,5,tCEYWBgEmm99g9yYT,0.0,0,199
163,6,tQThDQFfr8QAoGti6,0.0,0,217
164,0,gM9Ekb9nHeBq7ZCrC,0.0,0,43
164,1,ugxeunKsLAiCeuHF6,0.02247191011235955,2,89
164,2,jFhmnzqauwthQQwtR,0.0,0,149
164,3,RPXjEHAwAF8WstMKR,0.0223463687150838,4,179
164,4,ZtJ4mu6xesW2LgwCo,0.02242152466367713,5,223
164,5,KjfNHe5LCYwnrhwkx,0.0,0,199
164,6,HPeLaGoRNSkTcHMiF,0.0,0,217
165,0,NPznoZ3mSWvzPcoia,0.0,0,43
165,1,7XoiCMfwrpENKg6hF,0.011235955056179775,1,89
165,2,a7PJYyvrY5QKEuaJD,0.0,0,149
165,3,s6XXB7MDtyQ83Bj9h,0.00558659217877095,1,179
165,4,qGb28BzT3M8pgKvny,0.026905829596412557,6,223
165,5,JYe8uvyNM6mSagmju,0.035175879396984924,7,199
165,6,C4nDCR3ctoEsykvm3,0.03225806451612903,7,217
166,0,jHAhtEEj6Lu6RYtPL,0.0,0,43
166,1,fJBLXY8f55ZmaGur2,0.011235955056179775,1,89
166,2,yi25drZ4jRPBvPHYi,0.0,0,149
166,3,FcNZBEDMhsd7aC9Kk,0.027932960893854747,5,179
166,4,CYGp4bsyr3w4Qh2LY,0.02242152466367713,5,223
166,5,NrgKDCiA376WkSt3J,0.010050251256281407,2,199
166,6,BBxXuT4Fn5Fwp8nqG,0.02304147465437788,5,217
167,0,PxLBave5cRTMQBf7q,0.0,0,43
167,1,vRWGvfJHJ8sryHfPK,0.011235955056179775,1,89
167,2,ukFaimm4eMi2iCxTe,0.006711409395973154,1,149
167,3,3aHetturDJZnfDKsX,0.0111731843575419,2,179
167,4,qtpnDH7HoXpBCRTH3,0.03587443946188341,8,223
167,5,rNocY5q3sDzcXZykD,0.010050251256281407,2,199
167,6,dQ7kcmbqZghsoQKxA,0.0,0,217
168,0,jLXHqb7JZFWsAPQQo,0.0,0,43
168,1,CGJBt5bzYp66dyx8Q,0.0,0,89
168,2,REHjKzs4iceLFRshb,0.013422818791946308,2,149
168,3,zQ9SDE7cEuvhCXx6C,0.00558659217877095,1,179
168,4,PCuz8uQK32Qc3gNQG,0.026905829596412557,6,223
168,5,Qz8Pijh2DkCEdwC65,0.03015075376884422,6,199
168,6,cRiXYintwNqS3n3kt,0.041474654377880185,9,217
169,0,fFg5yT5hyyDSBcq3b,0.0,0,43
169,1,mgMt6FdASnFczGuy2,0.0,0,89
169,2,j4Nbkijn8t7HwSo99,0.006711409395973154,1,149
169,3,6dP2zzXjTPQkD3XaY,0.0111731843575419,2,179
169,4,dEgW3wfBPHqqXBzxh,0.02242152466367713,5,223
169,5,PsH7fWYrLNTQZ2rXf,0.01507537688442211,3,199
169,6,7iTiqnmqLJkJEDHfG,0.004608294930875576,1,217
170,0,HhWudMpwkHKGaJaTE,0.0,0,43
170,1,vXJDw4wHBFqK2zArF,0.0,0,89
170,2,uKWubbWQHTwCLsRE6,0.0,0,149
170,3,zFktSsyumBLwZ3bX7,0.0,0,179
170,4,Hrbewm8L9m3a9nyof,0.0,0,223
170,5,83B2x9z5kd2YzZvP5,0.0,0,199
170,6,u6CmpPnNwa3A3Hzt9,0.0,0,217
171,0,bPiyLXpYEPdRGijHG,0.0,0,43
171,1,qsrjugn4Hgfd6Eww5,0.0,0,89
171,2,LCCfE9wktQ5JYZK69,0.0,0,149
171,3,CSHkoh7xA58338Fa6,0.0,0,179
171,4,5xXiT3vNuDq96jHvZ,0.008968609865470852,2,223
171,5,F7JHnirCTiJtxv2JQ,0.0,0,199
171,6,4HHPNgPnLjxRjH24r,0.004608294930875576,1,217
172,0,fh9u48oHtNwJsTcQe,0.0,0,43
172,1,vDFcYd42XzK7JNi3g,0.0,0,89
172,2,qxGEex4QzbumXH29r,0.006711409395973154,1,149
172,3,P5tqnfsnjK63QhuSi,0.0111731843575419,2,179
172,4,Tk2KaFRwMeB2TW7wZ,0.013452914798206279,3,223
172,5,c97bXQjX33Hdouf7t,0.01507537688442211,3,199
172,6,9WTwmMMepxvfMz9mT,0.013824884792626729,3,217
173,0,7jKu8FYgG4tKD3NEq,0.0,0,43
173,1,nyhxGe5Jxd3WKJab7,0.0,0,89
173,2,nFfgg5bFbWEQ43rJP,0.0,0,149
173,3,tDmphb9euWXJ4WNk6,0.01675977653631285,3,179
173,4,8SMCd4NQDPcn7gxdK,0.017937219730941704,4,223
173,5,iuCTZHWymvbJQR8Do,0.01507537688442211,3,199
173,6,dw87Kd66Bje2NkzX4,0.0,0,217
174,0,bFGkMnZzpNGBjgCTA,0.0,0,43
174,1,8FzPQY7nKdKG8bWEN,0.0,0,89
174,2,zESy6DcTotwxGTqed,0.0,0,149
174,3,hAEh9JbouqWDm56AP,0.00558659217877095,1,179
174,4,wPKmEDjMdscH9X7dj,0.017937219730941704,4,223
174,5,g9Z5FsLTr4SD3Y66b,0.06532663316582915,13,199
174,6,voGs56p6y44gNnbcc,0.02304147465437788,5,217
175,0,xEssTxf78maJHWhaP,0.0,0,43
175,1,2w3ypoikGdne5pqbs,0.0,0,89
175,2,Hn4kR5cXGdxJbzGyF,0.0,0,149
175,3,PDPKfxmjhXv25kGBB,0.0111731843575419,2,179
175,4,XWXDJbj75TdXWnAPe,0.004484304932735426,1,223
175,5,2ebxyLBqdmbQR6uHv,0.01507537688442211,3,199
175,6,7SLiHYMqEHb6STTCN,0.03225806451612903,7,217
176,0,jqyR5jacn8WHzdBh2,0.0,0,43
176,1,2YxFoecguu6kTh7fo,0.011235955056179775,1,89
176,2,uZw4o4QSA6miXgkvp,0.020134228187919462,3,149
176,3,z4vzHCBohdrdEctZJ,0.027932960893854747,5,179
176,4,ziSK58uEwR7KgaRFp,0.013452914798206279,3,223
176,5,qRifBToh7GdZTnS7H,0.01507537688442211,3,199
176,6,P2XNcew2h9ANbXxfQ,0.02304147465437788,5,217
177,0,jyiwnHrksBntx6525,0.0,0,43
177,1,uBny7Cn9Yhth9Zgjs,0.0,0,89
177,2,dsWv4gZB6MwRbqPMt,0.006711409395973154,1,149
177,3,izdXfwNuiQ9RWLDEf,0.00558659217877095,1,179
177,4,R2CzRuqiR6Dvb4Jcs,0.017937219730941704,4,223
177,5,3P6kza3TTv9r7gbQY,0.010050251256281407,2,199
177,6,Sm55joexRLAEuqdf9,0.013824884792626729,3,217
178,0,HZTn23uzfqqvN3EoM,0.0,0,43
178,1,Y4FytoRpqAgAWCovy,0.0,0,89
178,2,E8vJWg49wxSy3uAAp,0.013422818791946308,2,149
178,3,phrfX256NxPXwbqze,0.00558659217877095,1,179
178,4,BKdJTYDXTaJr6H2hv,0.004484304932735426,1,223
178,5,StxxdxEocTLMChEqC,0.005025125628140704,1,199
178,6,fgboEavkcgH9f9GTt,0.009216589861751152,2,217
179,0,WeHxfjpzEY4oEA2TT,0.023255813953488372,1,43
179,1,QM63NuEGLmdunMhvT,0.0,0,89
179,2,udLrZiJtnnNmNFBiR,0.013422818791946308,2,149
179,3,85SCpqFiWe4ybF9ep,0.01675977653631285,3,179
179,4,s2AhvFLvPMBmNunGD,0.004484304932735426,1,223
179,5,89uKcmHNLizqhyFsu,0.010050251256281407,2,199
179,6,cykW68qPBufbCKRzQ,0.004608294930875576,1,217
180,0,4CBe3zqgkd4ngcZg4,0.0,0,43
180,1,RTxjFgRtqY82GKPwd,0.0,0,89
180,2,f5vjpMcuiTmu94Te5,0.006711409395973154,1,149
180,3,DisrpyuwxT9Ck5uqk,0.0111731843575419,2,179
180,4,Ts5dSF43Afzm2TLxg,0.02242152466367713,5,223
180,5,2JdXtrbvfJwtkGkJc,0.020100502512562814,4,199
180,6,pRNT2hruDSYKitovw,0.02304147465437788,5,217
181,0,kfBQRsY8fC46iFegf,0.0,0,43
181,1,ghgfHRREcKjWwXkPn,0.0,0,89
181,2,nm9gcp55Aahjm8ASL,0.0,0,149
181,3,roqdD93TkEvxwvj5s,0.0223463687150838,4,179
181,4,48SESMgrZypSXDM2N,0.013452914798206279,3,223
181,5,BEMFAZXfrJGmLKKKf,0.005025125628140704,1,199
181,6,GHeADdbG3uWhJbuvF,0.013824884792626729,3,217
182,0,BJKWFGeFPs2rtEpov,0.023255813953488372,1,43
182,1,iMNvrQT2PZutSrC5y,0.0,0,89
182,2,bPuYBpyDGv2PmFt86,0.006711409395973154,1,149
182,3,CdJoAJnGNDo2cmjc7,0.0223463687150838,4,179
182,4,GxdppPmpfPY4SNpGe,0.013452914798206279,3,223
182,5,7A2hGe6ehYnwbcfzi,0.02512562814070352,5,199
182,6,mByASmRZ6siyYm44b,0.013824884792626729,3,217
183,0,64oyQwkni45vgu4Ta,0.0,0,43
183,1,b6Dur8iSgiixpaC9i,0.0,0,89
183,2,epjmmv83zkbWofhAk,0.013422818791946308,2,149
183,3,eHdEA6tXqJcpcjTDH,0.00558659217877095,1,179
183,4,ZvRS35jarSs6eFzqS,0.02242152466367713,5,223
183,5,s624gdrbRLKscdENg,0.02512562814070352,5,199
183,6,xwuWY2F26ZGAP4C4k,0.02304147465437788,5,217
184,0,T2Ey4fufyXCpnFHuz,0.0,0,43
184,1,bLKyecEry3cX5wSv6,0.0,0,89
184,2,nah4RTuBMk6THNMiS,0.013422818791946308,2,149
184,3,9MbLoAZNFnTEANGhr,0.061452513966480445,11,179
184,4,teGuakjqwp3RTRpAR,0.03587443946188341,8,223
184,5,tcRfoaDR8qs9Pgg6z,0.01507537688442211,3,199
184,6,4fLg5GCettCWpASmY,0.013824884792626729,3,217
185,0,jPmrp7w6PtMuCCNch,0.0,0,43
185,1,ioRJaTjab99RN7PnH,0.0,0,89
185,2,QDtb9jnDz8QtGdpas,0.0,0,149
185,3,vyu64d7z7C9L6xFyF,0.01675977653631285,3,179
185,4,v4bt2CJ5nkkdjc8ao,0.026905829596412557,6,223
185,5,bXKrKSvPSvGPFCMnP,0.035175879396984924,7,199
185,6,Wo9adfeagA24nXxvP,0.013824884792626729,3,217
186,0,hADamx6M55c7zF4HQ,0.0,0,43
186,1,Rm5DmrbEbJCAmyLnM,0.0,0,89
186,2,7ZCMqZz5KYxCHuxds,0.020134228187919462,3,149
186,3,fkcPwS2sGd9cgJJYZ,0.01675977653631285,3,179
186,4,XzusDH2t29Lde752L,0.017937219730941704,4,223
186,5,mNJQrs7vyqRWBnT6j,0.010050251256281407,2,199
186,6,WpxiWdhKAmBPnJQTp,0.02304147465437788,5,217
187,0,6CKdHXv9QgSCap5SE,0.0,0,43
187,1,KuApZsdPE8gjBCfxe,0.0,0,89
187,2,v2sWnrEjSGCEaDcxY,0.0,0,149
187,3,42y3sj8Tuhsquea77,0.00558659217877095,1,179
187,4,HZkxHPYEq5BmZkb3Z,0.013452914798206279,3,223
187,5,n4jgBQkMRpoEZDFrP,0.020100502512562814,4,199
187,6,PiqWHR3TuYYmjpv3P,0.018433179723502304,4,217
188,0,b2CS4ZDWATL2ybAof,0.0,0,43
188,1,FdhFPq7tkYcRGTfks,0.0,0,89
188,2,26YtkGE8MYPZ9tGrr,0.0,0,149
188,3,TaBnu6p6WtrSpHyqw,0.01675977653631285,3,179
188,4,PMFJDXMADKGPDoQnT,0.04932735426008968,11,223
188,5,JutrP3uP2wabzMkmg,0.03015075376884422,6,199
188,6,pcWDBbRZCjqSNTiqR,0.009216589861751152,2,217
189,0,HsuruWpY8v2P3RLf2,0.0,0,43
189,1,ocfZJ6hGdCSx6DfZf,0.0,0,89
189,2,G5vmRrKFujgfZ8GYt,0.0,0,149
189,3,k7my9GLEMAhNTpnqC,0.0,0,179
189,4,wjhWSBJAHLP7ikneD,0.0,0,223
189,5,3M8u29Lws3EGfWWzG,0.0,0,199
189,6,zqrY2JmuQ2WccKwqs,0.0,0,217
190,0,F7iKpEzSM8cKwCMNP,0.0,0,43
190,1,EYMdQyZ7d3BwRrmMx,0.011235955056179775,1,89
190,2,bo2B3hd7nd9KhwiAv,0.0,0,149
190,3,tJ9QuuBnfWLXZduDf,0.00558659217877095,1,179
190,4,4NSGH882ox4kHKxrg,0.04484304932735426,10,223
190,5,THcj5gFn4YNaXEiBe,0.05527638190954774,11,199
190,6,y7vWDQCcr89p2aToF,0.07373271889400922,16,217
191,0,ukA2QhK2LjvdcfqTv,0.0,0,43
191,1,eiKCyJ9XoeiCd9ksY,0.0,0,89
191,2,j4zFXxerGgX8pjKiN,0.0,0,149
191,3,PKKg8SxWYWnZqGrGh,0.0,0,179
191,4,DpqFHdmhHMPw7M7w7,0.0,0,223
191,5,Y7MfyMyvWnPGwYNQC,0.0,0,199
191,6,sy82kPPcxDKg5zZb7,0.0,0,217
192,0,gsLRb5uN33P8Q4p3X,0.0,0,43
192,1,6HsSqmzn2vSuGkwS8,0.0,0,89
192,2,fJzNA759m4YqSYkrC,0.0,0,149
192,3,z5SpykX3CNR9K5ega,0.01675977653631285,3,179
192,4,LDzHFAuf6iqbs6Afi,0.017937219730941704,4,223
192,5,xZmgX7e2NygiNjgpk,0.01507537688442211,3,199
192,6,9LYXzi8WscXKx6hfX,0.004608294930875576,1,217
193,0,TyBddptjvPBY6eEin,0.0,0,43
193,1,WGJRuQz5kiNtvFRqe,0.0,0,89
193,2,w23w82MscJGNeEsRW,0.020134228187919462,3,149
193,3,YYRspHsooouQDpdg6,0.0223463687150838,4,179
193,4,sDHjAGnX6EWkcHcyB,0.03139013452914798,7,223
193,5,EJ4NxNkRYwj4sQqkt,0.03015075376884422,6,199
193,6,jogcWZNJiZbiwPSHj,0.004608294930875576,1,217
194,0,u6uTF5vg63sAb9fr8,0.0,0,43
194,1,joEHgkETeqskZTeMP,0.0,0,89
194,2,kn6Am5q3KjS6RFTMM,0.006711409395973154,1,149
194,3,YkNDBqHvGTQ9n2qpu,0.027932960893854747,5,179
194,4,vaqiW2DW3CTA4B9QW,0.026905829596412557,6,223
194,5,47QXeyYfJmkjkcZmR,0.05025125628140704,10,199
194,6,8bAw5oSRrt3aNsFD9,0.02304147465437788,5,217
195,0,qJriQhawtD7ytepEi,0.0,0,43
195,1,WiZKhi5HoeBcZ4EXZ,0.0,0,89
195,2,TEw6utSMXW62b7HAY,0.0,0,149
195,3,ieigb3Kbyeoqs6pDC,0.0,0,179
195,4,guBKn7HtWnfeTKtoK,0.0,0,223
195,5,8kvpn8AJwoznJHFuL,0.0,0,199
195,6,pAnz2XR4aC6JYETuT,0.0,0,217
196,0,ijeTstAyCDJZ3DFhz,0.0,0,43
196,1,xcCPQoJin9ZASLFxp,0.0,0,89
196,2,AicYYpRjkspdLkhie,0.0,0,149
196,3,SZpkZzzJ3Npef8HpX,0.00558659217877095,1,179
196,4,qY7kDebp3z7Ey5CRf,0.017937219730941704,4,223
196,5,LWpowvhHnMzdAWNXK,0.020100502512562814,4,199
196,6,h8tJka5D5wb3xQrt2,0.009216589861751152,2,217
197,0,y5yxwjaixf48RNkhB,0.0,0,43
197,1,Pe2BnGNiAqDnfZ74K,0.0,0,89
197,2,WDogpsw9wdTJGMpxs,0.006711409395973154,1,149
197,3,uz2ieshLvpZProTF5,0.0111731843575419,2,179
197,4,7yrjTnodEXckHJYpG,0.004484304932735426,1,223
197,5,an6mzqPMgFGuxoap8,0.005025125628140704,1,199
197,6,yxeiqds8bwYT39vGt,0.027649769585253458,6,217
198,0,Zz4X4RJGNv6LqpQJR,0.0,0,43
198,1,JKNXrWauxXrExk2eQ,0.0,0,89
198,2,xuMnycm7Z9xoirY3R,0.006711409395973154,1,149
198,3,rQozGuBAPduRyy46M,0.0335195530726257,6,179
198,4,mWCDJX7Pxa3oQtnPj,0.0,0,223
198,5,QnmzCKHFzzt58zxzd,0.0,0,199
198,6,7BnFKcY8ufD9peRKZ,0.009216589861751152,2,217
199,0,72xNp4s95Pb2QymhG,0.0,0,43
199,1,BvDfvb5hPE77ptmPn,0.0,0,89
199,2,xAtTJowEfMYevWiM6,0.0,0,149
199,3,XtXHsAMBDixFekDf9,0.01675977653631285,3,179
199,4,Sm2i6CrdWi4NmpB29,0.008968609865470852,2,223
199,5,EA8W9vAHQqCoWhj3j,0.035175879396984924,7,199
199,6,Lqwoni2obufZLzqYJ,0.013824884792626729,3,217
200,0,WsJQKTgQyt79WbGpp,0.0,0,43
200,1,k5Qrt4BNvmpPezoR5,0.011235955056179775,1,89
200,2,JJxk2bfSB2dXkDCpt,0.006711409395973154,1,149
200,3,9toyEKDyYrzWwge8K,0.00558659217877095,1,179
200,4,Tmnz4YNXXxMLchmt6,0.02242152466367713,5,223
200,5,JGnfsQ25QoMoQtRwR,0.04522613065326633,9,199
200,6,jfMvDdJbyYCec8JMp,0.03225806451612903,7,217
201,0,MMAiR7YNiXrE3kBCS,0.0,0,217
201,1,S4Tdn23nZHeyTmQpE,0.0,0,199
201,2,gzYERPepkbnQMt6E8,0.0,0,43
201,3,k5CjNYGnZ9PquuCjv,0.0,0,89
201,4,kjY7Zv69sbfy3kw5R,0.0,0,149
201,5,oxqvaAqyumLMqm5y2,0.0,0,223
201,6,pmivp9DzNatfgy49X,0.0,0,179
202,0,4iNCPx7L6eoJ6Myxm,0.0,0,199
202,1,BekCZT4jqYHFfPnj9,0.011235955056179775,1,89
202,2,ETWiigo6R5tn6nzed,0.004608294930875576,1,217
202,3,JBc77fnaFo8Py4ruC,0.013422818791946308,2,149
202,4,MrMhYfRGgkzQeucvB,0.0,0,43
202,5,R8P7Mc4zfCKKFYbFe,0.0,0,179
202,6,TaM4dgFFaTiKa7qoo,0.0,0,223
203,0,4wTRgHeGHxugWoPYd,0.02247191011235955,2,89
203,1,HWvb7jFQLNS6Csq2X,0.0,0,223
203,2,N24wwFXocBXegBN8E,0.0,0,217
203,3,WMnRhT6M9PZhdYoGx,0.0,0,149
203,4,ZiLD84pwbZ7TLczWp,0.023255813953488372,1,43
203,5,bSvdTfz5BFYrbgfSa,0.0,0,199
203,6,hZELAT7rdrT4QGFAb,0.0,0,179
204,0,Jks7hkFC3ssfxKMAX,0.017937219730941704,4,223
204,1,LTjAeCay8A84YcoCQ,0.0,0,43
204,2,LfAovWDiLnCNTP8AL,0.0,0,149
204,3,e3JTedi4CKMTn6eCx,0.013824884792626729,3,217
204,4,eFnwKHd2tMPfgqjYD,0.0,0,89
204,5,nYEzadnJBChBe6YWP,0.0,0,179
204,6,y3emxokY6RbkudN9Z,0.01507537688442211,3,199
205,0,6LgAgBFX2t6wakbzs,0.00558659217877095,1,179
205,1,8oj8bjSsYRyEhjW7D,0.010050251256281407,2,199
205,2,JWovnRQkfH3NtKjqP,0.0,0,149
205,3,Wszi5xET4Bj4cBgnb,0.03686635944700461,8,217
205,4,Zj2qojecduyqWgCQh,0.0,0,89
205,5,c38tR4PLM8kXc7qGJ,0.02242152466367713,5,223
205,6,nzaoYJhTWjfrLfWSN,0.0,0,43
206,0,7waNdkrCpPHz9iXZk,0.0,0,43
206,1,Doft5Ni5n9oBtwJqm,0.0,0,179
206,2,eNy8vagCSMu4RcB82,0.0,0,89
206,3,gndZjxsmpfzSdKhBL,0.0,0,149
206,4,hdQb3sFixsng4H6fr,0.23963133640552994,52,217
206,5,oxxNQZSRxMLvFZuTT,0.0,0,223
206,6,ys7RCcHn6chcqbWoY,0.09547738693467336,19,199
207,0,Qfpo8ge5Y8aofgDKw,0.0,0,43
207,1,YF7hLouaXRDAvdnsm,0.026905829596412557,6,223
207,2,dWcCjNZ9ccFsPdWLp,0.06451612903225806,14,217
207,3,eSw8Nj9hNGWrKvLAk,0.0223463687150838,4,179
207,4,hEYoGPXfG7qt7qax5,0.02512562814070352,5,199
207,5,sYKeZE5vtdKFrHeGt,0.026845637583892617,4,149
207,6,tQsT6tCyvGbYGvgT7,0.033707865168539325,3,89
208,0,CyJ7oh4m2NKEpDE3i,0.004484304932735426,1,223
208,1,DvFsTouBBy5oPkpTT,0.011235955056179775,1,89
208,2,ERACuBip75MirTpDT,0.0,0,149
208,3,L52LNXDLvu4BsQTnx,0.0,0,179
208,4,iMmqFRvEtzZnrA2F5,0.005025125628140704,1,199
208,5,tvo8eDm4fd6w7znix,0.0,0,43
208,6,w4Pd2AjqZbT9NLMJ8,0.041474654377880185,9,217
209,0,6g4km76pdxsB4aHHe,0.0,0,223
209,1,9AM9h3fuxRxBooK3f,0.0,0,89
209,2,FiDPbCK7Xm8AfFi4T,0.0,0,217
209,3,o8YbkYTxoH7aMPYnM,0.0,0,43
209,4,qj3K27BDjq6eyC7YW,0.0,0,199
209,5,uCbRpgDx85NdpG5bK,0.0,0,179
209,6,yZnPwXCDAJ6XoHNcp,0.0,0,149
210,0,A5Ep7zpXAhemJ2EFC,0.0,0,223
210,1,FfxuiEaEysQq25ZKZ,0.0,0,43
210,2,Kj4ykJ4nQGmjGoS7z,0.0,0,199
210,3,SXTC5YmKXaFnacPXZ,0.0,0,149
210,4,YuEXNz6EY9MmjqLcJ,0.0,0,89
210,5,fZBFG7qAoRwNLDkNt,0.0,0,179
210,6,wrQwz87aimJWasJoi,0.0,0,217
211,0,8Tq69EygfPSbtjWK4,0.0,0,89
211,1,MYHHn8CLg43iL8QgJ,0.0,0,217
211,2,QrYREbp5YMxvvMMkn,0.0,0,179
211,3,kh6ZvX2gGpKEuypS6,0.0,0,223
211,4,mAkM4mbcNusbrA7NY,0.0,0,43
211,5,tbyuuAyEbcpk4Jf3G,0.0,0,199
211,6,uKzpL4AQktw2ZKi5Q,0.0,0,149
212,0,GiLKXLNsi3odCi37F,0.0,0,43
212,1,K55Q8ozrYySrTKtZd,0.0,0,89
212,2,eMG4v74egPfJb63Jr,0.0,0,149
212,3,fp6RJDgcc9iCXfNQP,0.0,0,149
212,4,oRfneoYxamgoEiqLJ,0.0,0,179
212,5,rXhAHaLzBLPFghurz,0.0,0,89
212,6,tqbyZSbmk9gfe62mg,0.023255813953488372,1,43
213,0,JRYCyXdNoySRBperm,0.10050251256281408,20,199
213,1,RsZBLJGtM9in3d6cu,0.09865470852017937,22,223
213,2,S5u6QPBLSs96Z3ytz,0.055299539170506916,12,217
213,3,ZdtMz3rLyatFwkSaz,0.09497206703910614,17,179
213,4,k6DSA5Zgrp4xzPgDB,0.09302325581395349,4,43
213,5,kGMa8CHudtLacgxTE,0.09395973154362416,14,149
213,6,pcKsTk8rkRNdsZo49,0.0449438202247191,4,89
214,0,JEeTvDZ7xZx9qDdhp,0.046511627906976744,2,43
214,1,PAYHT56FSAqZsE25q,0.020134228187919462,3,149
214,2,QWcMoiHnAAwpk4g5Z,0.07174887892376682,16,223
214,3,fKcgsDvWNyRs647W7,0.04522613065326633,9,199
214,4,kJEF6arLsewLMNzm9,0.033707865168539325,3,89
214,5,mEArfEu49mQfisHtg,0.027932960893854747,5,179
214,6,rY2cnMMhaDBHsQ6mv,0.09216589861751152,20,217
215,0,8EhYMWfqXGPJPXK67,0.009216589861751152,2,217
215,1,FduqzuXubAevzMgPq,0.006711409395973154,1,149
215,2,MBP4LfFwE47JsZuWq,0.0,0,179
215,3,Ph6d25XbiJ8nRBLTw,0.010050251256281407,2,199
215,4,Xa3DEYMM4hsYzZG2y,0.0,0,43
215,5,rSPXHrfeta9cZYLxe,0.011235955056179775,1,89
215,6,v9cRQe5itXWRfxDuS,0.03139013452914798,7,223
216,0,JBPNQT5rD8wxogLuz,0.0,0,149
216,1,Ko4LQmYCqfZcQTSAB,0.018433179723502304,4,217
216,2,NtqtzHx5y3E3GCkkH,0.0,0,43
216,3,ZNqDAtBBR3dgLBusg,0.013452914798206279,3,223
216,4,hkzvs375j4vu6gpKF,0.00558659217877095,1,179
216,5,iKa2gAvHg5ayimeqf,0.011235955056179775,1,89
216,6,yC8Nd3ccicdv8ESD5,0.005025125628140704,1,199
217,0,AWdLuJbTGXRzidE2J,0.013824884792626729,3,217
217,1,Ks5SSc9zXbCTvYb5Y,0.005025125628140704,1,199
217,2,LADNwNppozkQyRydq,0.0,0,43
217,3,XKnEvwLFBQQBrE55i,0.0223463687150838,4,179
217,4,a4sE7WRT6iwzSAxEM,0.0,0,89
217,5,esNh8Beq8CEukHAkG,0.006711409395973154,1,149
217,6,jsTwaCxTGykr8JCrc,0.008968609865470852,2,223
218,0,DLFWZJemX52CL2PuY,0.0,0,43
218,1,EPjwzy8rorgf8c6dD,0.0,0,89
218,2,QgXyGCwPuPFg8nWqA,0.027649769585253458,6,217
218,3,aJPPqMpXav69yQWAZ,0.0,0,199
218,4,ggNTofMikd57ezEfm,0.02242152466367713,5,223
218,5,mEQom8L46NRAdKY9q,0.0,0,179
218,6,v4bsLPs6EhKKpKpk9,0.0,0,149
219,0,4RfNAzukZWhQX5F2g,0.04697986577181208,7,149
219,1,FZ9gxLegcAW3fb6oD,0.017937219730941704,4,223
219,2,NZeaSdNL4hRDh6b49,0.0,0,43
219,3,P7Ld465rshCx5H79h,0.02247191011235955,2,89
219,4,duCc632rpxnZDnouz,0.020100502512562814,4,199
219,5,iwYvuG8aSpJ6aMCzs,0.009216589861751152,2,217
219,6,tKxbRqX2tDTtXf3mC,0.027932960893854747,5,179
220,0,FtiDeEp6bgwZPLPnG,0.0,0,149
220,1,NKAToy4uHkaYLTPuG,0.03587443946188341,8,223
220,2,XWtCabAuBdvy8DxxE,0.0,0,43
220,3,fhHLQfgqxo2iTHaRo,0.011235955056179775,1,89
220,4,rxPyfN2838NGMfEqi,0.00558659217877095,1,179
220,5,uNKanaSqfAu2jnAXp,0.03686635944700461,8,217
220,6,uo7pz5Cqhop8rFx2j,0.005025125628140704,1,199
221,0,2aqtp2u4vszZLukQa,0.0,0,199
221,1,DcwX6YniHeB7ZjRr9,0.0,0,217
221,2,KnDAS25dENcDM7gbM,0.0,0,223
221,3,WivcrmgqB3X2GA62W,0.0,0,89
221,4,eawyHYJXFRsdYbG8v,0.0,0,149
221,5,hZ8e6ZwmpWtRYX7n2,0.0,0,179
221,6,tsMBfoCEmiJjLa7FF,0.0,0,43
222,0,5z33yoNrhxDbPZ9yx,0.008968609865470852,2,223
222,1,9q4AggRxxZN8GhKJ5,0.005025125628140704,1,199
222,2,HWmXYSfru447WKuCE,0.0,0,43
222,3,Hnb43exkC9NidkecB,0.013422818791946308,2,149
222,4,PMipXG6obAry8orAH,0.0,0,89
222,5,cMWMd8yMuFnEZADeR,0.004608294930875576,1,217
222,6,ddiAbT86HsLPWBhXB,0.0,0,179
223,0,8ozrcaRmkjxXGcsCS,0.013422818791946308,2,149
223,1,PiG2GphEZQLG5TZd2,0.00558659217877095,1,179
223,2,dNz9BryQzXPC5a3Pa,0.0,0,217
223,3,embqZzxs48fq3CWDz,0.004484304932735426,1,223
223,4,ihgM7EywTxLRwxvDT,0.0,0,43
223,5,sKDfEKoNCkYcyfLZk,0.0,0,199
223,6,txtzPQEmNFzqAgZY8,0.0,0,89
224,0,AoJo4xuF3CteNuJfZ,0.0,0,43
224,1,LRmA63Q4AbJ5z3Ddb,0.004608294930875576,1,217
224,2,RwSDtSYre7RkSK5w6,0.011235955056179775,1,89
224,3,ThagEKDyJthFkfmGF,0.004484304932735426,1,223
224,4,ht3mJrs8dgvehdiS7,0.0,0,179
224,5,mEJ8fezT2ZpMhDtvw,0.01507537688442211,3,199
224,6,wqdDvzjkPevCxtGJL,0.0,0,149
225,0,4GMj9fenMNLLuA3bz,0.00558659217877095,1,179
225,1,FsYH3ACzqG3MPi2m4,0.013422818791946308,2,149
225,2,KikPM67FGZBKpXp9Y,0.02247191011235955,2,89
225,3,SSMj9sSjnXKeW2iah,0.0,0,43
225,4,dgcuyQpWTfqLoGffF,0.004608294930875576,1,217
225,5,to7EbveJSYnAXvauY,0.020100502512562814,4,199
225,6,zWS8wKmJgNyc7EqiW,0.026905829596412557,6,223
226,0,6tGxTK3FcPHiiDzyq,0.020100502512562814,4,199
226,1,Nh2EjQCGHAR8QmSGA,0.020134228187919462,3,149
226,2,qKQBKcMbfJc7wKTqw,0.0,0,43
226,3,swqKQ3J8J2x9BFg9L,0.01675977653631285,3,179
226,4,wZcnFycLm9Xvb6asT,0.06726457399103139,15,223
226,5,y46MTYNacZ3vbD9Zx,0.011235955056179775,1,89
226,6,yPhJYtS2S4k94rPfT,0.04608294930875576,10,217
227,0,4SSLDsM3RqsT3h4gj,0.0,0,43
227,1,7NDcJk2kDJYr2q6PA,0.0,0,149
227,2,AZD3cbmipYFkpqoJP,0.0,0,199
227,3,PtRBYHoaFsNnMnBie,0.0,0,223
227,4,ZSg3fcesL9ggPDpwp,0.0,0,217
227,5,uZrfavAEssdkkk9YM,0.0,0,89
227,6,wZdu2r7m2XspjA8kq,0.0,0,179
228,0,9Ci6crkjzyKPDeBbR,0.0,0,223
228,1,9cmhhJPuszTTXeYef,0.0,0,43
228,2,HMWCiJFquJAmCYDHk,0.0,0,199
228,3,LnoMehPssuWH9TyPc,0.0,0,149
228,4,RMyrw5rBiuraE8Cax,0.0,0,217
228,5,ksyedRMbmJGk4E6vk,0.0,0,179
228,6,xJ6mLDMf3czuz3SHX,0.0,0,89
229,0,9r3mj4LBWBjaXqLRR,0.0,0,179
229,1,Su2H8m7NNagc3ei2x,0.0,0,223
229,2,kGZw4qNv2CFw8F9AP,0.0,0,43
229,3,mvqB6BSSZxXpnpZGm,0.0,0,217
229,4,qqM8L8WmANxQj5ScN,0.0,0,89
229,5,rcMDQ4BpRc2wZTizh,0.0,0,149
229,6,xZsa3p9mCYoJbuvLH,0.0,0,199
230,0,7Jovqy34o6nqyyxLm,0.0,0,179
230,1,ETEsrQF7AN5siwBhs,0.0,0,217
230,2,ETW9qYPWknkkWgxG8,0.0,0,149
230,3,EzvFp8gsqwSPjNAJL,0.0,0,223
230,4,PePtRE9qhxCPdjPkt,0.0,0,89
230,5,xYv9wNcNvh58K7RBj,0.0,0,43
230,6,yumX5iS88zY69AAQr,0.0,0,199
231,0,4in3sPzY69zcTytET,0.023255813953488372,1,43
231,1,DRCHJEFfNtympjQPZ,0.0,0,179
231,2,GCzDXwgEmv5GXjjcS,0.0,0,149
231,3,WuRxdp6FWm2FDQCGi,0.02247191011235955,2,89
231,4,eeoAuzQXgeFriqFHB,0.02304147465437788,5,217
231,5,qNSi4Kvtq2xih4NSq,0.008968609865470852,2,223
231,6,w3cYPpmKznsFi8K9k,0.010050251256281407,2,199
232,0,2jPmWqHbspANA7d8R,0.020134228187919462,3,149
232,1,6JhniEuQcJGy87t8p,0.01507537688442211,3,199
232,2,8Fr5H6sB7forhuHdB,0.0111731843575419,2,179
232,3,AQhrEh7P2dePLYLyL,0.017937219730941704,4,223
232,4,MRsygHgTHi2yjY6Bv,0.056179775280898875,5,89
232,5,nMeph77jDurrMpQcQ,0.03225806451612903,7,217
232,6,pmfCCEtpGSHZZXim7,0.046511627906976744,2,43
233,0,7E2YuR4iwYNpsEABi,0.004608294930875576,1,217
233,1,9FziNaawcDCjikhGo,0.0,0,149
233,2,TsGbdP4ZEQ2GCnDR6,0.0,0,199
233,3,XgNHaztBu6iJaeG5G,0.0,0,179
233,4,bhRjWhLQpjD7KmPeZ,0.0,0,43
233,5,g32qBfcqcq2h8RwEP,0.0,0,89
233,6,gJqCheSmtNXRzHLzk,0.0,0,223
234,0,2Q8FWtvfdwoXmaaqf,0.05027932960893855,9,179
234,1,CAqzabAJvogPwBkou,0.02247191011235955,2,89
234,2,So5zi537XeT7yXnjP,0.0,0,43
234,3,dC3T42QYJCrHKjMw5,0.05069124423963134,11,217
234,4,wTsDBeg89JewXRhFt,0.03587443946188341,8,223
234,5,wZEf5j36mXCxHhNML,0.01507537688442211,3,199
234,6,y3bD4htMSKBXxiZmb,0.013422818791946308,2,149
235,0,FmCAhdfp2zbYxAw9k,0.0,0,223
235,1,czkS6jBQKv9EmwFeX,0.011235955056179775,1,89
235,2,hj6yv2GkC8REzR6df,0.013422818791946308,2,149
235,3,oAPhhRpGGXwRv9uGc,0.0,0,217
235,4,wGLphZurQiLGALS5z,0.0,0,179
235,5,xHyaniFTvoZeJv5LN,0.0,0,43
235,6,zyoLvKSJavnqwjhzQ,0.020100502512562814,4,199
236,0,B2ENqpCAht9PxhEEn,0.0,0,43
236,1,STyWdtBu7DYiaAzA2,0.026905829596412557,6,223
236,2,TiY6nD9h45kcQAcDE,0.027649769585253458,6,217
236,3,cYHphARP4bai6QshK,0.010050251256281407,2,199
236,4,hfs9hATXguCQJyYRS,0.020134228187919462,3,149
236,5,iRTaXkqWwa2kNLNoA,0.02247191011235955,2,89
236,6,oQ4XXhfgDQS4mekpw,0.01675977653631285,3,179
237,0,BP7j426G69HxYTr7P,0.004608294930875576,1,217
237,1,P5ttPZoqZbpRMYmZ2,0.0,0,223
237,2,QKiGxWKoFGw3RmZes,0.00558659217877095,1,179
237,3,WxbfoF7QvDLfnyKX9,0.0,0,43
237,4,bJHouoFGp6wLKzvjg,0.0,0,199
237,5,ryF4eE9JSAhrATuyZ,0.0,0,89
237,6,xLf3wQkfho3tcsNaZ,0.0,0,149
238,0,7HQdrLmziA2TdPSzN,0.033707865168539325,3,89
238,1,HT7zefZR52FSRSw6i,0.01507537688442211,3,199
238,2,TKS7uEDi8hzwnw9aM,0.026905829596412557,6,223
238,3,hrQdwcAoiCygfKkyZ,0.013422818791946308,2,149
238,4,kQ7qvKbFCYqwuSdDu,0.0,0,179
238,5,rS24XHmt4ApTzkDF2,0.055299539170506916,12,217
238,6,vteMFBCQZNmKBMiHD,0.0,0,43
