user_id,reading_id,performance_id,relative_difficulty,unknown_count,unique_word_count,total_count,flesch_kincaid
0,0,JamHgx78yBimxwfsy,0.0,0,40,35,124.4
0,1,x9terPGdNZLofMmJK,0.05194805194805195,4,77,35,89.75
0,2,gW8LvMDXTGnXXDdXD,0.028368794326241134,4,141,35,61.22
0,3,QRR8FvoCbD7mX8e5H,0.011834319526627219,2,169,35,60.31
0,4,NcKX3uapzTCvXwYGu,0.06635071090047394,14,211,35,67.15
0,5,maWs9sGSrFxHqewm7,0.02702702702702703,5,185,35,64.71
0,6,JzkkgN7rR63hgSna6,0.02912621359223301,6,206,35,69.75
1,0,DPByZxCZikYMGdv8r,0.0,0,40,0,124.4
1,1,fuBiap5C8jGpHCA2L,0.0,0,77,0,89.75
1,2,LPn5Bg78rNebyQWQX,0.0,0,141,0,61.22
1,3,6xk3CJRipkAapmYQ8,0.0,0,169,0,60.31
1,4,kPA3NoPgk3gsEY2Gh,0.0,0,211,0,67.15
1,5,LZ2bhtACe9n8QyZKd,0.0,0,185,0,64.71
1,6,ELpTKDNtF8dzA6GRw,0.0,0,206,0,69.75
2,0,636yJTytSAEveZcJy,0.05,2,40,51,124.4
2,1,HGbKzJCgnXvrMJyTj,0.012987012987012988,1,77,51,89.75
2,2,XQ9SRX84kdAsEq2gR,0.028368794326241134,4,141,51,61.22
2,3,CdFzkwtQGKMsxGvPJ,0.07100591715976332,12,169,51,60.31
2,4,4FDykYBzskdjTvHjW,0.08530805687203792,18,211,51,67.15
2,5,NKoMPDc2cm5tBSsoF,0.021621621621621623,4,185,51,64.71
2,6,vTfYEpKJXnxozSE9z,0.04854368932038835,10,206,51,69.75
3,0,Zj7CLX4jimHX8ixas,0.0,0,40,18,124.4
3,1,HLzXJiRut7cdz5YsF,0.0,0,77,18,89.75
3,2,Wnbmy6oBWZJKhfE3X,0.028368794326241134,4,141,18,61.22
3,3,iC9vL3NGLvkyJsnJ6,0.01775147928994083,3,169,18,60.31
3,4,i5X9ofYQpGzAuK2JK,0.009478672985781991,2,211,18,67.15
3,5,fJ5ioPiBDaGbPNQcz,0.021621621621621623,4,185,18,64.71
3,6,vQKeXtZZS7rf6upeP,0.024271844660194174,5,206,18,69.75
4,0,mEsAPaNcb9batgid4,0.0,0,40,9,124.4
4,1,7B6qHBFseMq6MTx8H,0.0,0,77,9,89.75
4,2,3DYdaieraZPbrGWfG,0.0,0,141,9,61.22
4,3,JQaJajQEr3aKrHzXd,0.0,0,169,9,60.31
4,4,9EKuwEd6hg9Gi2WYb,0.03317535545023697,7,211,9,67.15
4,5,rNsaWSENzRBfpLbtN,0.0,0,185,9,64.71
4,6,E6Ey885qdALfwoucn,0.009708737864077669,2,206,9,69.75
5,0,EXJj6G6jDybP3M4N6,0.0,0,40,30,124.4
5,1,c6MjFd9HiFWYaSXc4,0.025974025974025976,2,77,30,89.75
5,2,aJvKM5mfJ2ve7YWAE,0.0425531914893617,6,141,30,61.22
5,3,JSCBm3CtNnTfPREPo,0.011834319526627219,2,169,30,60.31
5,4,kENAs4zsTqJmpLh7P,0.018957345971563982,4,211,30,67.15
5,5,9G6MYXAQoy6mYcaRM,0.05405405405405406,10,185,30,64.71
5,6,z4negjEmqyeNbCkdC,0.02912621359223301,6,206,30,69.75
6,0,qnzmTjrBmRNd6k5D9,0.025,1,40,47,124.4
6,1,zC2GLZqWoBesmkgze,0.012987012987012988,1,77,47,89.75
6,2,27QNzEL8EsZtPiMSY,0.02127659574468085,3,141,47,61.22
6,3,FZxm3eoj4LWydispb,0.09467455621301775,16,169,47,60.31
6,4,XSFFmfrmo53Pxfb6Z,0.04739336492890995,10,211,47,67.15
6,5,sfaJFq7RHF2bXFgDC,0.032432432432432434,6,185,47,64.71
6,6,kE4H6j3Za3gTqWg6w,0.04854368932038835,10,206,47,69.75
7,0,H5jtxpCAxJqEgohSW,0.075,3,40,48,124.4
7,1,MxEuSYwunF3aAwcug,0.06493506493506493,5,77,48,89.75
7,2,4bSQvWPj67ixTJKJ3,0.028368794326241134,4,141,48,61.22
7,3,JukNdTFdktHomk6Jn,0.05325443786982249,9,169,48,60.31
7,4,nRz5eRDB9ef4zGb26,0.014218009478672985,3,211,48,67.15
7,5,NcaNjQutZ68caw8Zp,0.07027027027027027,13,185,48,64.71
7,6,xQQoYYxsZ5xKWmQqm,0.05339805825242718,11,206,48,69.75
8,0,zshhXhzHLck2jHuPn,0.0,0,40,0,124.4
8,1,SsnbaoxpB5ojx38LN,0.0,0,77,0,89.75
8,2,oLTTs8tGEq7pcsnHW,0.0,0,141,0,61.22
8,3,WrZMWMHYvgeXjDCva,0.0,0,169,0,60.31
8,4,DEu7FGbw7HXgkuC3R,0.0,0,211,0,67.15
8,5,tvg947RMoNGSLudNx,0.0,0,185,0,64.71
8,6,LKZ2qDq8RK3ws9vYH,0.0,0,206,0,69.75
9,0,jFSZMwKDJXTdHEWvP,0.075,3,40,35,124.4
9,1,Ya3JBQ9iotLdrM92F,0.012987012987012988,1,77,35,89.75
9,2,5L8MZfjmEMrMhoLou,0.0425531914893617,6,141,35,61.22
9,3,FhTij2GqgZ5APEZ9q,0.01775147928994083,3,169,35,60.31
9,4,6YsrwWbAAsKZeWbXy,0.023696682464454975,5,211,35,67.15
9,5,oHBx5NJsXrdQkdYF9,0.05945945945945946,11,185,35,64.71
9,6,PKxSg93afsY5gDMiz,0.02912621359223301,6,206,35,69.75
10,0,4QTFfjWq6FS28pGz8,0.025,1,40,27,124.4
10,1,XfTcDixuuaQYZiC7e,0.012987012987012988,1,77,27,89.75
10,2,zPzQEYHfSJ94twSKs,0.028368794326241134,4,141,27,61.22
10,3,uqrSfLk9QdcadGi8H,0.029585798816568046,5,169,27,60.31
10,4,QrMwsrNYAx9jJAFSb,0.018957345971563982,4,211,27,67.15
10,5,k5Gdo8atZJmKd3w9L,0.02702702702702703,5,185,27,64.71
10,6,DPKoJudXDbuxszjdv,0.03398058252427184,7,206,27,69.75
11,0,TBYN8mkut8vjCXzaS,0.0,0,40,0,124.4
11,1,Gj6tipugyxEYTwyFs,0.0,0,77,0,89.75
11,2,ofgJxiLtjjPJkKuPN,0.0,0,141,0,61.22
11,3,XoJKYGZCXMbnnQTKN,0.0,0,169,0,60.31
11,4,XHrL498mJFtRb4sPF,0.0,0,211,0,67.15
11,5,LPuG35hMR2ej4rZJc,0.0,0,185,0,64.71
11,6,Ddo7nRkcNfEPJkh87,0.0,0,206,0,69.75
12,0,DJ82KMGpjj4PZZ2HN,0.0,0,40,29,124.4
12,1,3Joc72XDAAb3XXatj,0.03896103896103896,3,77,29,89.75
12,2,rpXNvqLm6ra8HXP9A,0.014184397163120567,2,141,29,61.22
12,3,Zg6isAKvwpSH4WxBK,0.023668639053254437,4,169,29,60.31
12,4,ritrnCvnRdcdmmCWm,0.037914691943127965,8,211,29,67.15
12,5,uZ7stzCEk4E6XTite,0.032432432432432434,6,185,29,64.71
12,6,ZkAyeeNvyKZQreXwW,0.02912621359223301,6,206,29,69.75
13,0,qHKbFeLfRhcTtWzmm,0.0,0,40,21,124.4
13,1,2zKyXcquSF429NrBv,0.0,0,77,21,89.75
13,2,eWuyLCDNPe4BuQwwW,0.0070921985815602835,1,141,21,61.22
13,3,ab396DrpYG4uo7zCX,0.01775147928994083,3,169,21,60.31
13,4,AsgPnH4XxGD4XKMNj,0.04265402843601896,9,211,21,67.15
13,5,MG9zKGdyiWFqwgWSo,0.021621621621621623,4,185,21,64.71
13,6,7T4FXcjPb6ZpFBqGP,0.019417475728155338,4,206,21,69.75
14,0,hLrXaAXSHzT8jo7gg,0.025,1,40,21,124.4
14,1,9GNjLrigPcuSzWorh,0.012987012987012988,1,77,21,89.75
14,2,9MhMLEjFyE7nChhMK,0.014184397163120567,2,141,21,61.22
14,3,pXdRs5iiPkn5PkycD,0.03550295857988166,6,169,21,60.31
14,4,czXWJRz5SLt7TDoZ7,0.018957345971563982,4,211,21,67.15
14,5,PHFNX7rJuxTs4iscF,0.02702702702702703,5,185,21,64.71
14,6,42Ea6qYSEYdS8LZc5,0.009708737864077669,2,206,21,69.75
15,0,nygDzaqAmpTo98giC,0.0,0,40,18,124.4
15,1,oWq8uK8ms4JNRFS5X,0.025974025974025976,2,77,18,89.75
15,2,RKKvNGdKyCZ6q4u5R,0.0,0,141,18,61.22
15,3,2YGDW9RFSTvzyMzdc,0.03550295857988166,6,169,18,60.31
15,4,XHH2xfNe8euLxHWHZ,0.018957345971563982,4,211,18,67.15
15,5,KLy4D5K3zsoGR7YuZ,0.016216216216216217,3,185,18,64.71
15,6,dJfGbemQyy9iRWSTp,0.014563106796116505,3,206,18,69.75
16,0,ChuMpxkd2Ni65GYMx,0.0,0,40,0,124.4
16,1,wgbrQ4fCAj9cAZwEq,0.0,0,77,0,89.75
16,2,o6hZCvbyXFJY9LBwn,0.0,0,141,0,61.22
16,3,zRZ6M7zp3mwHPtia6,0.0,0,169,0,60.31
16,4,8zvrXYQqaPFXfjrBF,0.0,0,211,0,67.15
16,5,gu4RhbSzr2tjQqwgA,0.0,0,185,0,64.71
16,6,AAbFB4ks2EPZWknMY,0.0,0,206,0,69.75
17,0,ddPj2Qqyv4KMXpS6C,0.0,0,40,0,124.4
17,1,8kPD8wAniRWtZNz7B,0.0,0,77,0,89.75
17,2,WQH7Ptc3qMjJJWhTY,0.0,0,141,0,61.22
17,3,5vZKtGkwa7YuSApEp,0.0,0,169,0,60.31
17,4,DjFAcAwDP9mnmYBGR,0.0,0,211,0,67.15
17,5,z74h3FAnTWZrPQs69,0.0,0,185,0,64.71
17,6,7QeQs3n9hxQGqWbA9,0.0,0,206,0,69.75
18,0,NJJANBDFGZ9vrZ7J2,0.0,0,40,21,124.4
18,1,pooEQPHJemG8PiNj5,0.0,0,77,21,89.75
18,2,Rgt6Lb6A86N9AFkWN,0.014184397163120567,2,141,21,61.22
18,3,jXwMJLTqNHkc4G7EK,0.011834319526627219,2,169,21,60.31
18,4,eTgsgugE9FP43RAxE,0.04265402843601896,9,211,21,67.15
18,5,qnmHKqzrQ53NT3eX6,0.032432432432432434,6,185,21,64.71
18,6,dQtdZGzdXgRojpZJa,0.009708737864077669,2,206,21,69.75
19,0,4yvDk7Qg3xAc5wPFk,0.0,0,40,2,124.4
19,1,WkYWyo2gLcoYgf4KB,0.0,0,77,2,89.75
19,2,jP7F45Pi9vEM7v3g2,0.0,0,141,2,61.22
19,3,x8jc2cjeXLHSPkPr5,0.0,0,169,2,60.31
19,4,ZxkPR9htL6xexrPWn,0.004739336492890996,1,211,2,67.15
19,5,3Lu6C9d86QshvDJgZ,0.005405405405405406,1,185,2,64.71
19,6,Nxm57ryFDJoavrkKA,0.0,0,206,2,69.75
20,0,HCoHypsj9nYuiPJ4Q,0.0,0,40,19,124.4
20,1,C2Sm4sacPE4tYo7Ki,0.0,0,77,19,89.75
20,2,BqHTijgXGFL6C8WQM,0.0070921985815602835,1,141,19,61.22
20,3,JcrLgce29xTjfjMMn,0.029585798816568046,5,169,19,60.31
20,4,qgDtsJanD6CfHqnjW,0.037914691943127965,8,211,19,67.15
20,5,gXCzsm2WXxERkwkiR,0.021621621621621623,4,185,19,64.71
20,6,kAFTzctPrFdvResJY,0.0048543689320388345,1,206,19,69.75
21,0,vsjMbALH7jZ63dmEx,0.0,0,40,0,124.4
21,1,ZrSN6FMqc56rmm3AQ,0.0,0,77,0,89.75
21,2,ZBmnoLmjK6JSqgdqe,0.0,0,141,0,61.22
21,3,junrY7YmMR4F2qoQ8,0.0,0,169,0,60.31
21,4,cDJM72HPD9zukSNFK,0.0,0,211,0,67.15
21,5,7X5xHpJeyLPHL3Wec,0.0,0,185,0,64.71
21,6,tWYdJi2XFHhjz9u5L,0.0,0,206,0,69.75
22,0,pm7LnyQ3vLGAGFGh4,0.025,1,40,35,124.4
22,1,9w9gBG4hihjwJTsKs,0.012987012987012988,1,77,35,89.75
22,2,tLEhvGDyij4kSbMMK,0.02127659574468085,3,141,35,61.22
22,3,zkwkTCm5L7qQJhcnk,0.04142011834319527,7,169,35,60.31
22,4,QxqG3Jxgv24gLCztp,0.03317535545023697,7,211,35,67.15
22,5,AGENAGdHJaE24PQxa,0.07567567567567568,14,185,35,64.71
22,6,gqxSfgs87tJdyGRvQ,0.009708737864077669,2,206,35,69.75
23,0,XAdmsNvMbnHJeWEsa,0.0,0,40,27,124.4
23,1,CB5mZdDHZdao7i99G,0.025974025974025976,2,77,27,89.75
23,2,8Y7RCLcarnc5cs7yC,0.06382978723404255,9,141,27,61.22
23,3,HFrHNGD2CjCTxcKSk,0.03550295857988166,6,169,27,60.31
23,4,wLYPCtR5EopSxMtQp,0.014218009478672985,3,211,27,67.15
23,5,xpCJdQoHRC5TwDqRd,0.021621621621621623,4,185,27,64.71
23,6,sqwZZuzJD6raZD9N4,0.014563106796116505,3,206,27,69.75
24,0,ewbugY4GzDbG25uSi,0.0,0,40,19,124.4
24,1,h637bHs2C8rubPWvL,0.012987012987012988,1,77,19,89.75
24,2,uq3LeBJuWtQPSGngY,0.0070921985815602835,1,141,19,61.22
24,3,g9SuThsPXEZzHpEE8,0.023668639053254437,4,169,19,60.31
24,4,uDcsATKczzmb7ghD4,0.018957345971563982,4,211,19,67.15
24,5,JidgP9xsQ9ZpnnjJY,0.02702702702702703,5,185,19,64.71
24,6,rBX2y5StxiKxFafCe,0.019417475728155338,4,206,19,69.75
25,0,oAtgFe3Le3vuCARpa,0.0,0,40,21,124.4
25,1,6E88gb2actYPQAmWo,0.012987012987012988,1,77,21,89.75
25,2,RoWdcjYiuCZ7uu6fF,0.028368794326241134,4,141,21,61.22
25,3,6o2CFWEHeTpqQJMDa,0.011834319526627219,2,169,21,60.31
25,4,KGSBjiPP7CetipZ2y,0.018957345971563982,4,211,21,67.15
25,5,vp3zJDAswF9ZRezX4,0.02702702702702703,5,185,21,64.71
25,6,MQ6BDkLFM5mJwbnLd,0.024271844660194174,5,206,21,69.75
26,0,b9YjYL3RjdWogNpiG,0.0,0,40,6,124.4
26,1,xMGyqyh4vddggXjQm,0.0,0,77,6,89.75
26,2,t5ZQARZJLe28ECS9G,0.0,0,141,6,61.22
26,3,v244sDaqzvnj7L8Wu,0.005917159763313609,1,169,6,60.31
26,4,7od4EbxKs7K8Lya4c,0.004739336492890996,1,211,6,67.15
26,5,rLz5qdEBq2pBdDjiy,0.021621621621621623,4,185,6,64.71
26,6,asxLDSgr73iZQiNLk,0.0,0,206,6,69.75
27,0,KpeBfoMZGMemFuycz,0.0,0,40,0,124.4
27,1,kMxyetnfhDHPz7TSc,0.0,0,77,0,89.75
27,2,pirBkk4ripBLMywjy,0.0,0,141,0,61.22
27,3,M6yk29Y88s6wCJBYz,0.0,0,169,0,60.31
27,4,TCnL8JMFH4pa5sN7x,0.0,0,211,0,67.15
27,5,2f52eH2Q6pwvDNxAp,0.0,0,185,0,64.71
27,6,w3QgHZ8w7zadLAdRv,0.0,0,206,0,69.75
28,0,feNmj7AyRtEtjZTAo,0.0,0,40,6,124.4
28,1,HBGztZro2Zto6TeTa,0.0,0,77,6,89.75
28,2,AqLbMfHDEC2JTP4hq,0.0,0,141,6,61.22
28,3,X39haEhjk3Pw9JYsS,0.005917159763313609,1,169,6,60.31
28,4,RZj75i958chsyabzB,0.014218009478672985,3,211,6,67.15
28,5,CFsvSixa6abrDcnvC,0.005405405405405406,1,185,6,64.71
28,6,KvdiDGnkfoc3s2Cpm,0.0048543689320388345,1,206,6,69.75
29,0,WQGDrY9gbPpHcgPg8,0.0,0,40,18,124.4
29,1,SAwmNZeMLsDNM9CXx,0.012987012987012988,1,77,18,89.75
29,2,MSCYMPfqPwr45S6kQ,0.0,0,141,18,61.22
29,3,c4rm7ks24NPyAdkuc,0.01775147928994083,3,169,18,60.31
29,4,AoXEE59Cei996kb5Y,0.02843601895734597,6,211,18,67.15
29,5,gT6wuuY58Xfeq3K2u,0.02702702702702703,5,185,18,64.71
29,6,qSJA8wWR6QS4she6T,0.014563106796116505,3,206,18,69.75
30,0,svcdkaC4LxBjLq76y,0.0,0,40,0,124.4
30,1,Ho6fQfnA9sk5kTvvL,0.0,0,77,0,89.75
30,2,sQWZE7kKwxBwqdC7E,0.0,0,77,0,89.75
30,3,8ccRoj4tEab9skWhk,0.0,0,141,0,61.22
30,4,BkZbSsTBFYNn2YbC3,0.0,0,169,0,60.31
30,5,NvC4wbT8A8Lk2ebS8,0.0,0,211,0,67.15
30,6,LRgN3i33MwNPzojQP,0.0,0,185,0,64.71
31,0,aJeK599Dh5rXY9PE2,0.025,1,40,22,124.4
31,1,6x5oAEBef5vAqCt65,0.06493506493506493,5,77,22,89.75
31,2,qWkEhtgLLkvnFdsCD,0.014184397163120567,2,141,22,61.22
31,3,GZz7x5mNHEB9ZFBqz,0.0,0,169,22,60.31
31,4,aMPvWx2xhQi9RCZcZ,0.03317535545023697,7,211,22,67.15
31,5,Bo3oEWpHGBWN7jozG,0.0,0,185,22,64.71
31,6,Zb9KGZ4WLKbnH4Yom,0.03398058252427184,7,206,22,69.75
32,0,K5qhDADEreDgfFswS,0.0,0,40,0,124.4
32,1,cKhJfcvuZZkP6stNE,0.0,0,77,0,89.75
32,2,Wq69uGxgBbKmhKdXc,0.0,0,141,0,61.22
32,3,BAEPrgv6tPQswXafn,0.0,0,169,0,60.31
32,4,niXCRDYiYtrKk94fc,0.0,0,211,0,67.15
32,5,24tQijPLDEhQaW23r,0.0,0,185,0,64.71
32,6,uc7tzpo4vHbZjPDxD,0.0,0,206,0,69.75
33,0,Nf8SfEwthriRuGw9x,0.0,0,40,12,124.4
33,1,tYDuPiLWYC6gtwzpb,0.0,0,77,12,89.75
33,2,wcAEPmTcuMudQSnQJ,0.014184397163120567,2,141,12,61.22
33,3,Xh8QX7mj26EAZNYcz,0.005917159763313609,1,169,12,60.31
33,4,yhS5L328GSQWhNB3k,0.014218009478672985,3,211,12,67.15
33,5,CFRHWgN5mncHTWs52,0.02702702702702703,5,185,12,64.71
33,6,6k24ZAEkRfHyJNjhd,0.0048543689320388345,1,206,12,69.75
34,0,fv7RtzAvvJ4NzaHy8,0.0,0,40,17,124.4
34,1,XeJqYMA92nAWEQeF6,0.0,0,77,17,89.75
34,2,LgWkFFqks9uudqjZZ,0.0070921985815602835,1,141,17,61.22
34,3,aN6yBe46nunaWpPSo,0.029585798816568046,5,169,17,60.31
34,4,yXh8dpCAYQw76xm2S,0.04265402843601896,9,211,17,67.15
34,5,ez27rkyuXDi2fs7BT,0.0,0,185,17,64.71
34,6,kF6egTGhsy56sphvE,0.009708737864077669,2,206,17,69.75
35,0,CwaBk3kLnskJJxcxx,0.025,1,40,81,124.4
35,1,Nu7k8pK86WvWc8egj,0.025974025974025976,2,77,81,89.75
35,2,DqmyCA4GCPtL9fZfs,0.0851063829787234,12,141,81,61.22
35,3,PrumBSZpcpeyda6sa,0.05325443786982249,9,169,81,60.31
35,4,kcH7NkkKSHrdyNr2G,0.04739336492890995,10,211,81,67.15
35,5,TCWuS934WDNvAPokK,0.14054054054054055,26,185,81,64.71
35,6,kKG4Eg7LKSCLn8vCb,0.10194174757281553,21,206,81,69.75
36,0,ubjXJBZ5WmqAGBSvJ,0.05,2,40,50,124.4
36,1,c5ZoKA2jYY3D9sqoh,0.025974025974025976,2,77,50,89.75
36,2,LgG5sQRaE5GjMgNze,0.0425531914893617,6,141,50,61.22
36,3,muPu4fXY3Y7GpTHah,0.04142011834319527,7,169,50,60.31
36,4,Xo67w7dDAuTnRf8Qa,0.04265402843601896,9,211,50,67.15
36,5,Gw2Y6axtoZe4CeBE5,0.07027027027027027,13,185,50,64.71
36,6,j6kiGBCX826NHgLsT,0.05339805825242718,11,206,50,69.75
37,0,eFHPsZ3AR72GA8c7Y,0.025,1,40,42,124.4
37,1,KZ2tFNvRBAo5chq55,0.012987012987012988,1,77,42,89.75
37,2,gDtyF6o9AueZoMB2n,0.014184397163120567,2,141,42,61.22
37,3,9TLcgp4hadoxAsNbw,0.029585798816568046,5,169,42,60.31
37,4,t5WxQwbiTKnoWPJZi,0.08056872037914692,17,211,42,67.15
37,5,dGwRQuhfrEtAmJveA,0.032432432432432434,6,185,42,64.71
37,6,fxqCtsZ5vgRxc3SZz,0.04854368932038835,10,206,42,69.75
38,0,hP5BqyqmE7eZXRyYX,0.025,1,40,29,124.4
38,1,Mk8cxHgHMyiu7KMMW,0.025974025974025976,2,77,29,89.75
38,2,zfBynuTanXvx4i8QH,0.0070921985815602835,1,141,29,61.22
38,3,32HLcWkr48k729cet,0.023668639053254437,4,169,29,60.31
38,4,QKSh4kYGhhrAjrCmu,0.02843601895734597,6,211,29,67.15
38,5,q6Fs3BwhcmaMFHeGC,0.02702702702702703,5,185,29,64.71
38,6,H3t5PbvaMYus4W9jM,0.04854368932038835,10,206,29,69.75
39,0,u8arzGo3dH3oFT4Yu,0.0,0,40,16,124.4
39,1,vsvbRFKFKCmPHLsBe,0.012987012987012988,1,77,16,89.75
39,2,hhtJWJtaxNgKiHvBH,0.0070921985815602835,1,141,16,61.22
39,3,JH3wYFmpD77b35vLR,0.01775147928994083,3,169,16,60.31
39,4,P6dH2kdTPiqmQQgn6,0.03317535545023697,7,211,16,67.15
39,5,EKuwnC9qr4KoPQWjC,0.010810810810810811,2,185,16,64.71
39,6,Ffyg5Ms7PMBn89ifa,0.009708737864077669,2,206,16,69.75
40,0,sdgrrYJTFocEMyaLu,0.025,1,40,40,124.4
40,1,M3swQdH6fcvbz39oZ,0.0,0,77,40,89.75
40,2,su6N8Xhc4wex7Q7oc,0.014184397163120567,2,141,40,61.22
40,3,jNyAN5QC9jksYmies,0.047337278106508875,8,169,40,60.31
40,4,X69KcBzpndXiCx6v4,0.037914691943127965,8,211,40,67.15
40,5,2uGZTsiFE87JHh3Wa,0.032432432432432434,6,185,40,64.71
40,6,8Rp2jhQYBzr5nFczw,0.07281553398058252,15,206,40,69.75
41,0,LiiWpuTvnmvWWrq5h,0.025,1,40,34,124.4
41,1,X3vkcRoxeErWK4cSS,0.03896103896103896,3,77,34,89.75
41,2,8q3uqM7Bt2cuSXYX5,0.0070921985815602835,1,141,34,61.22
41,3,mc6ifbGsq2paXad8f,0.005917159763313609,1,169,34,60.31
41,4,ir6AB63JRfMoKRttN,0.023696682464454975,5,211,34,67.15
41,5,jPRpu9RYRsLCJ3Hc2,0.05945945945945946,11,185,34,64.71
41,6,yrxeYstg2WE6o6LHm,0.05825242718446602,12,206,34,69.75
42,0,cMXQTxNbCsqfTqEk7,0.025,1,40,38,124.4
42,1,FfHnshmCb5uBFDJGH,0.03896103896103896,3,77,38,89.75
42,2,RmB7euBpgpBjTFhpj,0.014184397163120567,2,141,38,61.22
42,3,hkP7FZ3Yd9zHttgqr,0.029585798816568046,5,169,38,60.31
42,4,5DNDerbb2Ztf9AtxL,0.018957345971563982,4,211,38,67.15
42,5,67PKNM3eRAJJk8at8,0.07567567567567568,14,185,38,64.71
42,6,aNWszqrjg5uaXB57J,0.043689320388349516,9,206,38,69.75
43,0,FTuxXZ9jjWJFjyCEW,0.025,1,40,62,124.4
43,1,QMmp7xsojLG3LYfCM,0.07792207792207792,6,77,62,89.75
43,2,w5fDZ4mEs8kJcEFyH,0.0425531914893617,6,141,62,61.22
43,3,MF4TwENzZ9tqxgZRW,0.13609467455621302,23,169,62,60.31
43,4,rymgPjmrKr7Kum6rp,0.04739336492890995,10,211,62,67.15
43,5,Kqt7Hrm8nZh3Y9E3y,0.043243243243243246,8,185,62,64.71
43,6,JqDf9XK6axAnfDKrD,0.038834951456310676,8,206,62,69.75
44,0,pXsBX8XouEZjBfZAu,0.0,0,40,0,124.4
44,1,pN7d2qkqX4n3RPnCf,0.0,0,77,0,89.75
44,2,bxiMnMhGpbsuef3gL,0.0,0,141,0,61.22
44,3,kvJLntJgBmS65XC3f,0.0,0,169,0,60.31
44,4,ZB2DNQH3apeLrxE5S,0.0,0,211,0,67.15
44,5,4Go5QMMoJkjJJviL5,0.0,0,185,0,64.71
44,6,55wPKaxES4vPc7bma,0.0,0,206,0,69.75
45,0,c2FsgqFky7QrMLTnS,0.025,1,40,44,124.4
45,1,4NToZvvuq3ttdnHQk,0.025974025974025976,2,77,44,89.75
45,2,rTLe4EDawdu9zWb7p,0.028368794326241134,4,141,44,61.22
45,3,eRKcY6jND55KiDkoK,0.047337278106508875,8,169,44,60.31
45,4,9Z9se2gNKuetgLJh7,0.07582938388625593,16,211,44,67.15
45,5,5S3NRbnfjkq4jkTaJ,0.02702702702702703,5,185,44,64.71
45,6,rnnsMp4n38J5PPHhn,0.038834951456310676,8,206,44,69.75
46,0,abozBucpnbvh87N3M,0.0,0,40,15,124.4
46,1,F7XJx8zL78C7XTfzj,0.0,0,77,15,89.75
46,2,pGrcEqYNk4LCQshcX,0.02127659574468085,3,141,15,61.22
46,3,hnZgoZikuXkAGrG4o,0.023668639053254437,4,169,15,60.31
46,4,SKdNniTi7AqLXmScg,0.023696682464454975,5,211,15,67.15
46,5,3cLJ9QjscH66R3i82,0.010810810810810811,2,185,15,64.71
46,6,2238eyduJzWLjXFAo,0.0048543689320388345,1,206,15,69.75
47,0,7o5pgHmHsiqzCtR52,0.0,0,40,23,124.4
47,1,gqPRyyqNuPGfFBq7z,0.012987012987012988,1,77,23,89.75
47,2,aWb2Km7EyXDoaaiNS,0.02127659574468085,3,141,23,61.22
47,3,JZRkNKiBKWoDesBPX,0.01775147928994083,3,169,23,60.31
47,4,aTHLFHfCerM3KT4LZ,0.014218009478672985,3,211,23,67.15
47,5,HxFvmp7ByzvoZxJsB,0.032432432432432434,6,185,23,64.71
47,6,WWzpzvW6Z8K97tgSS,0.03398058252427184,7,206,23,69.75
48,0,AEAdzhm2PYSAYLqjS,0.0,0,40,28,124.4
48,1,HWAbMabmRzSiNHf8Q,0.0,0,77,28,89.75
48,2,SBQiyuqnLW9D5WAPj,0.0070921985815602835,1,141,28,61.22
48,3,HwSQzXjYn9ZyRnJRH,0.011834319526627219,2,169,28,60.31
48,4,Y5qfkZMo9YnRtz4cn,0.023696682464454975,5,211,28,67.15
48,5,mqzGdugEbY4ucDjhX,0.04864864864864865,9,185,28,64.71
48,6,aR2f2SxSTgdP8isxy,0.05339805825242718,11,206,28,69.75
49,0,G27QqyWj5KwtN9hxT,0.0,0,40,4,124.4
49,1,sTAN3zY5ekyN5JYAq,0.0,0,77,4,89.75
49,2,RNGtuCaLhqi8fHnvR,0.0,0,141,4,61.22
49,3,43jy7uSaYh4a45GSM,0.023668639053254437,4,169,4,60.31
49,4,gsjFfJ8PLrmMEJokp,0.0,0,211,4,67.15
49,5,M5m5THCyb59ephDPh,0.0,0,185,4,64.71
49,6,y5Lm8Bixz4cEWYX2c,0.0,0,206,4,69.75
50,0,uPbocMQe9JNLgyTTk,0.075,3,40,65,124.4
50,1,mnBd37KCr8wRE83DN,0.012987012987012988,1,77,65,89.75
50,2,zohdWveGHb8NppMaT,0.05673758865248227,8,141,65,61.22
50,3,4CdMbqaoMXmqsbfTH,0.05917159763313609,10,169,65,60.31
50,4,WSRTb37end79LikiZ,0.05687203791469194,12,211,65,67.15
50,5,woCYXB56Zr93BdSH3,0.03783783783783784,7,185,65,64.71
50,6,WEWA7CKapK28s5GzH,0.11650485436893204,24,206,65,69.75
51,0,a4Yn55TeM4zosJAGY,0.0,0,40,11,124.4
51,1,CBZx8xteqnpLzccaw,0.012987012987012988,1,77,11,89.75
51,2,8Squsu7GTj9epmBzr,0.0070921985815602835,1,141,11,61.22
51,3,mnetCfvsd37xCjM3v,0.01775147928994083,3,169,11,60.31
51,4,KkMK2rPp2o6mH3F7v,0.018957345971563982,4,211,11,67.15
51,5,CRJxNmcxsSBZeBukx,0.005405405405405406,1,185,11,64.71
51,6,xJbDnGZyqwyAnrt3f,0.0048543689320388345,1,206,11,69.75
52,0,ncAEBRDZie8Kckc6y,0.025,1,40,38,124.4
52,1,dR3KfvRXqMmT3q9YD,0.0,0,77,38,89.75
52,2,7Fnt5vH6KBQv5fazr,0.014184397163120567,2,141,38,61.22
52,3,dzeuctN5DSinojvgp,0.011834319526627219,2,169,38,60.31
52,4,wNAbr8aZ3hz3Yrk9j,0.018957345971563982,4,211,38,67.15
52,5,uNv7fACikC8uA3xjp,0.14054054054054055,26,185,38,64.71
52,6,zLeizP4EWyHcyyXvQ,0.014563106796116505,3,206,38,69.75
53,0,AJkLc5r9MjpgBpBup,0.0,0,40,33,124.4
53,1,cPnXDf7yLavQA8Tjr,0.0,0,77,33,89.75
53,2,BmXCKvckeDMrmqQdj,0.04964539007092199,7,141,33,61.22
53,3,LG52kGi9y8uTJT9Wk,0.03550295857988166,6,169,33,60.31
53,4,9jJCA4m9zHgzEAix8,0.023696682464454975,5,211,33,67.15
53,5,DRqx52KjDfXWLq3kr,0.016216216216216217,3,185,33,64.71
53,6,YSQPyPpTpHzmnH8kh,0.05825242718446602,12,206,33,69.75
54,0,riG8gnmmQkMkXC57y,0.025,1,40,42,124.4
54,1,kaG9ZCCtewC8Da5yu,0.012987012987012988,1,77,42,89.75
54,2,RojJ2mbgC9xkbdHAx,0.07801418439716312,11,141,42,61.22
54,3,XpuaPkwnHWGBMdj9n,0.029585798816568046,5,169,42,60.31
54,4,6vJLSHdSMaWmbyan4,0.037914691943127965,8,211,42,67.15
54,5,s2QnfZcQCN7s2Xxki,0.05405405405405406,10,185,42,64.71
54,6,saHo53mYj3TZL8NQ9,0.02912621359223301,6,206,42,69.75
55,0,fDWjgXWbcq3Ky9o2g,0.0,0,40,43,124.4
55,1,L8Dw34ZAXsu8bwFXw,0.012987012987012988,1,77,43,89.75
55,2,wixzMdhXnvnXYaf78,0.014184397163120567,2,141,43,61.22
55,3,ezYcErNHfRWzJMZmj,0.05325443786982249,9,169,43,60.31
55,4,BvT463LvyXwns2Eq9,0.04265402843601896,9,211,43,67.15
55,5,zr9tXvjrbYZYZzYJy,0.07567567567567568,14,185,43,64.71
55,6,L6x4KXemB2mDMa6sj,0.038834951456310676,8,206,43,69.75
56,0,CXTD58fuCDwTJ6FFk,0.025,1,40,35,124.4
56,1,orx9GCwXixDaSZR77,0.06493506493506493,5,77,35,89.75
56,2,aBTMTCtuKD5R56ww4,0.0425531914893617,6,141,35,61.22
56,3,Pdi3AEZErQNKNkoSx,0.04142011834319527,7,169,35,60.31
56,4,derGuwa534dafHwiF,0.04265402843601896,9,211,35,67.15
56,5,KKXZ43ongiASugxmE,0.016216216216216217,3,185,35,64.71
56,6,amhy8jnm8GeyL42D2,0.019417475728155338,4,206,35,69.75
57,0,FTSYvpv7hXigDLw56,0.0,0,40,46,124.4
57,1,QRgYRPh4hA2xKLhqa,0.03896103896103896,3,77,46,89.75
57,2,mnrXF9ZtLZ4LsjaoG,0.014184397163120567,2,141,46,61.22
57,3,HWs8zwWuatLsxXoZA,0.05917159763313609,10,169,46,60.31
57,4,SiDt2hLXx33uim6MZ,0.04265402843601896,9,211,46,67.15
57,5,TX9Evv3TEBLzRYMMF,0.06486486486486487,12,185,46,64.71
57,6,CjzoSW2SzkEWsmLjd,0.04854368932038835,10,206,46,69.75
58,0,7vJdNudsWXSXM92no,0.025,1,40,49,124.4
58,1,vyadRETGFokpzd6wk,0.025974025974025976,2,77,49,89.75
58,2,c5gjHJgRK5HKQ7uMv,0.028368794326241134,4,141,49,61.22
58,3,C8FcjBNZ87hZPdKzd,0.05917159763313609,10,169,49,60.31
58,4,jfKGh9sMLzEzvpvin,0.03317535545023697,7,211,49,67.15
58,5,wcD4fvEgGHapv37WX,0.06486486486486487,12,185,49,64.71
58,6,ZboYpHZdpYnubY26n,0.06310679611650485,13,206,49,69.75
59,0,mcAaNev42pfnZLJWA,0.05,2,40,56,124.4
59,1,safnZWvzSSaRuETGJ,0.03896103896103896,3,77,56,89.75
59,2,MFPNhcrdxF8FTaitH,0.0425531914893617,6,141,56,61.22
59,3,ungAQMLKT7pz7Wxnm,0.07692307692307693,13,169,56,60.31
59,4,wfJ8abk28rWYGRTdQ,0.023696682464454975,5,211,56,67.15
59,5,nbianDuJZpWxioWtF,0.05945945945945946,11,185,56,64.71
59,6,Xppezv4fsnhjgmeAB,0.07766990291262135,16,206,56,69.75
60,0,LyMM3r8cqhuq6Hjmi,0.025,1,40,56,124.4
60,1,NFy6JTKbP2unakQtF,0.06493506493506493,5,77,56,89.75
60,2,Nx7mRp8oWYps3349i,0.03546099290780142,5,141,56,61.22
60,3,5DMhCKArv6v3FTNY3,0.0650887573964497,11,169,56,60.31
60,4,B25T9MMpcAE59axAe,0.04265402843601896,9,211,56,67.15
60,5,6sFvHpfDEdviXc6PT,0.08648648648648649,16,185,56,64.71
60,6,HBqdJ56dKJE7LLxNg,0.043689320388349516,9,206,56,69.75
61,0,mQtDzFGRBrjRZ9z5k,0.025,1,40,59,124.4
61,1,aXuxyEjpj3Epv7JqE,0.03896103896103896,3,77,59,89.75
61,2,aFzGiNBiwmzwP4ryX,0.05673758865248227,8,141,59,61.22
61,3,ncn4Ji3snQTBXCxoL,0.03550295857988166,6,169,59,60.31
61,4,TCTdNDsbPDd7Ponrh,0.08530805687203792,18,211,59,67.15
61,5,FX7cWcx3WN6aqwJPw,0.04864864864864865,9,185,59,64.71
61,6,bQDBHYnqddH9NXKLM,0.06796116504854369,14,206,59,69.75
62,0,4zjLwdD9NAc3CTbwK,0.025,1,40,19,124.4
62,1,nuT5mkzBhbXbkvanK,0.0,0,77,19,89.75
62,2,baop3SyNKWvzncyjf,0.014184397163120567,2,141,19,61.22
62,3,4dexY2CymTuSLNubG,0.011834319526627219,2,169,19,60.31
62,4,b2XoYYtNPvLf2tLCC,0.014218009478672985,3,211,19,67.15
62,5,DPLrhvPh5an8TnEnY,0.032432432432432434,6,185,19,64.71
62,6,LLSjA92ojGrq3YsLt,0.024271844660194174,5,206,19,69.75
63,0,LnEwA3HuncEEdYLo9,0.0,0,40,18,124.4
63,1,9yx3AqmvphmGJH9qB,0.012987012987012988,1,77,18,89.75
63,2,nvn9M78k3MNdZCtTt,0.014184397163120567,2,141,18,61.22
63,3,JDk3SyixsXmWtiLYg,0.03550295857988166,6,169,18,60.31
63,4,GtA49pK8QFZsZwHEH,0.018957345971563982,4,211,18,67.15
63,5,c5Rw3zcc3HR66LzMH,0.010810810810810811,2,185,18,64.71
63,6,hQexTJhKejWPDu7R7,0.014563106796116505,3,206,18,69.75
64,0,rbAj4Z6cjjRziM8wz,0.0,0,40,11,124.4
64,1,T9wyipDGT95QDS4vW,0.0,0,77,11,89.75
64,2,vbKrfdXhCFrrBxHWR,0.0,0,141,11,61.22
64,3,WFT7zcKdDprvmgnRu,0.01775147928994083,3,169,11,60.31
64,4,7HZyjXCKxx9KaLAXZ,0.014218009478672985,3,211,11,67.15
64,5,fcNQZbxMKFRGup2RK,0.021621621621621623,4,185,11,64.71
64,6,5RYAGfgrHuaotKuRk,0.0048543689320388345,1,206,11,69.75
65,0,5qQSCxH5fK4y8NmXB,0.0,0,40,11,124.4
65,1,kDb572djAnN94D9EA,0.012987012987012988,1,77,11,89.75
65,2,t6seYc9jg8TBLeRaS,0.014184397163120567,2,141,11,61.22
65,3,aiCxpDrT8vNzLDokr,0.01775147928994083,3,169,11,60.31
65,4,XRc5BJ5rjkKngQp58,0.009478672985781991,2,211,11,67.15
65,5,TMWK5zpvqsZXoiL5M,0.0,0,185,11,64.71
65,6,Dtyy3FRb7mNbTNe7v,0.014563106796116505,3,206,11,69.75
66,0,FSyxRrNNG7s5G5xYS,0.025,1,40,24,124.4
66,1,BbLeRryzutugAcSmw,0.0,0,77,24,89.75
66,2,mGtbdFvdx9AaHyfuv,0.0070921985815602835,1,141,24,61.22
66,3,jyvG9QciruA3yzeBi,0.01775147928994083,3,169,24,60.31
66,4,49yE8CXJeSmSyi3nY,0.037914691943127965,8,211,24,67.15
66,5,FLFSFipJ9zJ4rybw7,0.021621621621621623,4,185,24,64.71
66,6,CzPqHTbmBHvwQ79Hy,0.03398058252427184,7,206,24,69.75
67,0,yEPYhXWBi7YpqZnc8,0.0,0,40,6,124.4
67,1,Dj2M4L5xv7kouD6GB,0.0,0,77,6,89.75
67,2,br6ncG6pptoufuwPb,0.0,0,141,6,61.22
67,3,sfLARjPLqp3fYLapr,0.005917159763313609,1,169,6,60.31
67,4,8AQgCGDZdLTCvbyGY,0.014218009478672985,3,211,6,67.15
67,5,fFtDG33MMxYKfGvAk,0.0,0,185,6,64.71
67,6,NhHvo7xKDHBDtwQZW,0.009708737864077669,2,206,6,69.75
68,0,tYD9Fcui3WarMSd7o,0.0,0,40,14,124.4
68,1,Nx7XZfw2EPcGoPmNT,0.012987012987012988,1,77,14,89.75
68,2,SLK4rA5fCbeTsgHn5,0.0,0,141,14,61.22
68,3,mmnpxm5rYiuPxhPrF,0.0,0,169,14,60.31
68,4,eyiMvpyTYbj5mM9Kr,0.04265402843601896,9,211,14,67.15
68,5,X4xrKEYmNiFnpatms,0.010810810810810811,2,185,14,64.71
68,6,Jn34hfuEDi7iXrMPq,0.009708737864077669,2,206,14,69.75
69,0,FeY2CYznqHzpqYupi,0.0,0,40,35,124.4
69,1,ABRJ2wvhors6R9PeB,0.03896103896103896,3,77,35,89.75
69,2,fQaC5dXSm3tmHj949,0.0070921985815602835,1,141,35,61.22
69,3,ZF2HpyMmb2X9saarH,0.01775147928994083,3,169,35,60.31
69,4,twQRzaq5mgCpWjsPt,0.018957345971563982,4,211,35,67.15
69,5,43nRWqh4mK72Y9Fe6,0.04864864864864865,9,185,35,64.71
69,6,8Waa6E8koMExHScgA,0.07281553398058252,15,206,35,69.75
70,0,7wayG7Rnn5Y373SSa,0.0,0,40,0,124.4
70,1,tCfqmMaQSWCXMbsXx,0.0,0,77,0,89.75
70,2,9LfRDCCAjiDZKiE93,0.0,0,141,0,61.22
70,3,aCabR5XsAPi8jdrdK,0.0,0,169,0,60.31
70,4,P5A8oPd9DrftJPWnC,0.0,0,211,0,67.15
70,5,XvhW3nquEkcQD7tua,0.0,0,185,0,64.71
70,6,LsFRLghFExXBpLiv9,0.0,0,206,0,69.75
71,0,wDZ6vunkGd54iscoG,0.025,1,40,27,124.4
71,1,BQki2xf6CemhAQdXb,0.012987012987012988,1,77,27,89.75
71,2,HTcuoPJuSTuuiRRiY,0.0070921985815602835,1,141,27,61.22
71,3,SjuSWaqhF8KTRWRiC,0.029585798816568046,5,169,27,60.31
71,4,F87RSAdBHyZCXyzmp,0.02843601895734597,6,211,27,67.15
71,5,6ga3v4pWhtBuxpPDD,0.032432432432432434,6,185,27,64.71
71,6,7uw2euRac6me5awXk,0.03398058252427184,7,206,27,69.75
72,0,pt5xLtMqMcuBaJRtf,0.025,1,40,39,124.4
72,1,ddYGfGzRYY9f2u3Pg,0.012987012987012988,1,77,39,89.75
72,2,2ix4PRzv9ED2wK398,0.02127659574468085,3,141,39,61.22
72,3,vkGByiYBbPWT65Jrc,0.047337278106508875,8,169,39,60.31
72,4,FP8vAEtJmmpdW5tMt,0.052132701421800945,11,211,39,67.15
72,5,ztBw5MwMod7PBH7sM,0.03783783783783784,7,185,39,64.71
72,6,ffksyXg8EGHeqi2dZ,0.038834951456310676,8,206,39,69.75
73,0,R2W44SCTeFDr8Ju8A,0.075,3,40,48,124.4
73,1,aeMXayKQxdYGi5mkq,0.025974025974025976,2,77,48,89.75
73,2,CQZzgseSPr64Ziyup,0.02127659574468085,3,141,48,61.22
73,3,qoQTryJmHWpqeu6Np,0.09467455621301775,16,169,48,60.31
73,4,gk95SMThWRo5gPeSC,0.037914691943127965,8,211,48,67.15
73,5,GHtB7Fkrffq8Ji4aX,0.04864864864864865,9,185,48,64.71
73,6,hnmB5HbTzuekawMhb,0.03398058252427184,7,206,48,69.75
74,0,fr94WG7YXsDvqcTiK,0.05,2,40,49,124.4
74,1,bWwMKzK3fidpJMi4W,0.025974025974025976,2,77,49,89.75
74,2,9n3Gs9LWrqcBd3eCm,0.05673758865248227,8,141,49,61.22
74,3,8vcrmETwExBGkwPBx,0.05325443786982249,9,169,49,60.31
74,4,hx5kHgY5F8q62Sx7E,0.023696682464454975,5,211,49,67.15
74,5,PYW5kK6sQbwjwZPxk,0.08108108108108109,15,185,49,64.71
74,6,qKJn92psRAfEWn8kQ,0.038834951456310676,8,206,49,69.75
75,0,GNNakkemdWtNSQzt5,0.0,0,40,0,124.4
75,1,h59JvfYRZyLeiy8jP,0.0,0,77,0,89.75
75,2,Rjn8L8LWxKdnq3WC6,0.0,0,141,0,61.22
75,3,pFneqcgaA5NDQHkdR,0.0,0,169,0,60.31
75,4,MdDjoCFkmgwaAb6Ai,0.0,0,211,0,67.15
75,5,vxMqG6zzKBneDZz3S,0.0,0,185,0,64.71
75,6,6yD5STx494m6ugEdk,0.0,0,206,0,69.75
76,0,MwYm4TF4sr6iLWhmT,0.0,0,40,4,124.4
76,1,N9gqExdz5qkz2SvpD,0.0,0,77,4,89.75
76,2,q8hPz4E8YkcB9HvRv,0.0070921985815602835,1,141,4,61.22
76,3,hctvimgi4Lvk5a2rn,0.005917159763313609,1,169,4,60.31
76,4,hitpLHhCxDsZdsC9t,0.004739336492890996,1,211,4,67.15
76,5,GYzPSxwT6WuLkCJuG,0.0,0,185,4,64.71
76,6,JDJo2J5FDHonGJb26,0.0048543689320388345,1,206,4,69.75
77,0,bSYJrZEzjSnA2GwWE,0.0,0,40,7,124.4
77,1,aLXRtLvkFvBDoK5tK,0.0,0,77,7,89.75
77,2,2tnSE5ZMP3PtBed2M,0.0070921985815602835,1,141,7,61.22
77,3,LDWBpBinnoNxNwNbk,0.005917159763313609,1,169,7,60.31
77,4,vDvWNm9S86HmQAX5Y,0.009478672985781991,2,211,7,67.15
77,5,kAPp7t9BHCXKxGLr4,0.005405405405405406,1,185,7,64.71
77,6,3CEitKKgHrtyYRRBE,0.009708737864077669,2,206,7,69.75
78,0,P3ueHX2wdyoLBvkCb,0.0,0,40,8,124.4
78,1,rgT6rcXcpDd6PohGA,0.0,0,77,8,89.75
78,2,yKgBLWnDuqngPWdQF,0.0,0,141,8,61.22
78,3,v6J3hkMpbgDh7MpgQ,0.0,0,169,8,60.31
78,4,pGwdTi5PPSYhQ4tSP,0.014218009478672985,3,211,8,67.15
78,5,dknB89qhkfh54kZTm,0.010810810810810811,2,185,8,64.71
78,6,s8tbsiWenhzTPMKBx,0.014563106796116505,3,206,8,69.75
79,0,T5jSXfWnyea6FBQHG,0.0,0,40,18,124.4
79,1,HhoyJxiLtY3M99nPm,0.012987012987012988,1,77,18,89.75
79,2,m63pNsLxRgK7bLq8a,0.0,0,141,18,61.22
79,3,pefFM9eMghCytXjNT,0.01775147928994083,3,169,18,60.31
79,4,WeQb3aNKkvohRzfqT,0.009478672985781991,2,211,18,67.15
79,5,FQrHFaJgxHBuzWJuF,0.016216216216216217,3,185,18,64.71
79,6,GDo3FNgoSAkyfNzYR,0.043689320388349516,9,206,18,69.75
80,0,2mv7Kg2oKWdybH8C9,0.0,0,40,25,124.4
80,1,Y6hgRgvk4z2WRXdJJ,0.012987012987012988,1,77,25,89.75
80,2,9bKDxXmeXwxjw3d88,0.02127659574468085,3,141,25,61.22
80,3,oK2DEQRab5MAfjnNP,0.023668639053254437,4,169,25,60.31
80,4,gqNsYjQEhWHHEQAnS,0.018957345971563982,4,211,25,67.15
80,5,fykg87omecpEbQubW,0.032432432432432434,6,185,25,64.71
80,6,RwGmgtRc6sgwejZFK,0.03398058252427184,7,206,25,69.75
81,0,pjLQeD7WxhDwJYgAk,0.0,0,40,10,124.4
81,1,ib2gA3Df9TNSP5JKG,0.0,0,77,10,89.75
81,2,D8knjAGGyNqTMoJS3,0.0,0,141,10,61.22
81,3,r3BLQFKCxZKjM8sjT,0.005917159763313609,1,169,10,60.31
81,4,p9trqFPqv7cun7YLa,0.014218009478672985,3,211,10,67.15
81,5,yiJ8LBv8CoSfLe5G6,0.016216216216216217,3,185,10,64.71
81,6,6xN2z4wcrxTtZaRtd,0.014563106796116505,3,206,10,69.75
82,0,HAmPYd3QEJq58jNdn,0.0,0,40,17,124.4
82,1,vX5B23qdTZ6ePLTZ3,0.0,0,77,17,89.75
82,2,DAFyT9kaawozyyhid,0.0,0,141,17,61.22
82,3,ZYufhgosdaFaM6sPB,0.0,0,169,17,60.31
82,4,whMZY8HAazGrMejPg,0.023696682464454975,5,211,17,67.15
82,5,GTQGC7C5mMxAnwWx2,0.021621621621621623,4,185,17,64.71
82,6,rn8pQNiKc7MGqyHzC,0.038834951456310676,8,206,17,69.75
83,0,mxHjkymr7JyqkGxRx,0.0,0,40,39,124.4
83,1,peAymEfRFyFjjY25J,0.03896103896103896,3,77,39,89.75
83,2,MvgzuCScyJWmLQ8eF,0.02127659574468085,3,141,39,61.22
83,3,fGuCp9EcA4N9jpr5v,0.04142011834319527,7,169,39,60.31
83,4,k3CbZQKENu3TJqW37,0.03317535545023697,7,211,39,67.15
83,5,RmtfwcC9iY5C8ysZv,0.021621621621621623,4,185,39,64.71
83,6,XgmJNSeauY2JKQkLM,0.07281553398058252,15,206,39,69.75
84,0,PjNC8kNNH7jvbscEc,0.0,0,40,25,124.4
84,1,Q5mZxD3v3RAdinmDY,0.0,0,77,25,89.75
84,2,YTWnck5paCS8npMHP,0.0,0,141,25,61.22
84,3,WmbLNzxHs7QggwpF9,0.01775147928994083,3,169,25,60.31
84,4,LxndAWrTg87TmKjmY,0.018957345971563982,4,211,25,67.15
84,5,MqmZEKRLosNpkZFMu,0.02702702702702703,5,185,25,64.71
84,6,63LheCEp96CAQjgu8,0.06310679611650485,13,206,25,69.75
85,0,PPrGiwNZxt5eQGtAg,0.0,0,40,27,124.4
85,1,qen89KoJ6GSKcsKyM,0.0,0,77,27,89.75
85,2,JxWsTQfYWM2qSAWFE,0.04964539007092199,7,141,27,61.22
85,3,Roc2t4kwGumhYy83y,0.023668639053254437,4,169,27,60.31
85,4,GY2YfirtSFsioaGhG,0.03317535545023697,7,211,27,67.15
85,5,2DJ2k6kdMvowazShG,0.043243243243243246,8,185,27,64.71
85,6,yYrgXSuGFsvRCY6xv,0.0048543689320388345,1,206,27,69.75
86,0,h6nDJGWbjcASj4sxN,0.0,0,40,32,124.4
86,1,s3xEN7ZcfrxLyjXvs,0.0,0,77,32,89.75
86,2,nQTP7bgGLhvK5zCkw,0.0070921985815602835,1,141,32,61.22
86,3,9hGy5xeAmAFsFHYzT,0.03550295857988166,6,169,32,60.31
86,4,NuqfPAL9t7nRALKvm,0.04265402843601896,9,211,32,67.15
86,5,uEWn3Lqh8SNKZDurf,0.05405405405405406,10,185,32,64.71
86,6,YAkbiiuFaatqXzF68,0.02912621359223301,6,206,32,69.75
87,0,3NiSEXSPNZA6BCTZp,0.0,0,40,22,124.4
87,1,H669ntNXB5cjqbeqt,0.0,0,77,22,89.75
87,2,aWczZHBjqJhxK83Co,0.0070921985815602835,1,141,22,61.22
87,3,RPWB7d8yxJyYivLSX,0.005917159763313609,1,169,22,60.31
87,4,xMYrbaohFCh9dbjkJ,0.04265402843601896,9,211,22,67.15
87,5,TMJcEFZZjmAdopPtK,0.032432432432432434,6,185,22,64.71
87,6,WfqaHm2DPXPMxYnSw,0.024271844660194174,5,206,22,69.75
88,0,MxepjqfQfTnZvsYAc,0.0,0,40,22,124.4
88,1,xCE2s7FAh8Tt6So83,0.0,0,77,22,89.75
88,2,Cuz2JRB99QucrvC9A,0.028368794326241134,4,141,22,61.22
88,3,dAEYPjdWyNA3hZMnQ,0.01775147928994083,3,169,22,60.31
88,4,bXs8SvFHzfwrzqwGR,0.018957345971563982,4,211,22,67.15
88,5,4q2rGddEW2FWemgk3,0.016216216216216217,3,185,22,64.71
88,6,DvkiiCJwor6J2mDDs,0.038834951456310676,8,206,22,69.75
89,0,xp74J3s2BLJ2k9SXS,0.025,1,40,47,124.4
89,1,XDxe4bLRELeL9MPpD,0.07792207792207792,6,77,47,89.75
89,2,ydJga3KQxXCb4M7vR,0.03546099290780142,5,141,47,61.22
89,3,oLivEgd3QvXWfMZ6m,0.0650887573964497,11,169,47,60.31
89,4,vxLiNWqQpT6zd37hC,0.023696682464454975,5,211,47,67.15
89,5,YEfLN7mreE9jL3grh,0.04864864864864865,9,185,47,64.71
89,6,smRpcvuTPrjFRKRDR,0.04854368932038835,10,206,47,69.75
90,0,Q96yXtA6Am2WP5fTg,0.0,0,40,15,124.4
90,1,RrnrAMKMwra3rmExB,0.0,0,77,15,89.75
90,2,m8KaGJfNX3twawxCe,0.02127659574468085,3,141,15,61.22
90,3,WQ7NpNsMrXhpRdXLc,0.005917159763313609,1,169,15,60.31
90,4,3FXLAtQ8Nb7heeF9u,0.023696682464454975,5,211,15,67.15
90,5,5fcpiwSFjkiJH5fxb,0.016216216216216217,3,185,15,64.71
90,6,Jfh4xpbfc8yCALLyt,0.014563106796116505,3,206,15,69.75
91,0,GnNtLWdMnZMtA9LGh,0.0,0,40,10,124.4
91,1,ka2yis6Efjmr9FZxn,0.0,0,77,10,89.75
91,2,NpmmFNyrWkqyzmW37,0.0,0,141,10,61.22
91,3,3hYr3mvDFdSPDaRbE,0.023668639053254437,4,169,10,60.31
91,4,NzLhCD9dnDCun9Hyk,0.018957345971563982,4,211,10,67.15
91,5,oHLayzSAptjJRMYio,0.0,0,185,10,64.71
91,6,uKwqxqcKmqEwpZnrN,0.009708737864077669,2,206,10,69.75
92,0,cga5iqNriG52oi5vs,0.0,0,40,0,124.4
92,1,XsHa2w7uxMd5XTpxL,0.0,0,77,0,89.75
92,2,668HXz5GfHtivGADf,0.0,0,141,0,61.22
92,3,AS9ft7D5hM3oZtkRK,0.0,0,169,0,60.31
92,4,sEabSBAJwvjwQNyfe,0.0,0,211,0,67.15
92,5,HBQQbps5gGymtKmJG,0.0,0,185,0,64.71
92,6,cSKyChELAG4bogrTW,0.0,0,206,0,69.75
93,0,yZ8WAXBBqeCHRjG2a,0.0,0,40,10,124.4
93,1,4GBF2nrPCtbqc7Q7X,0.0,0,77,10,89.75
93,2,q3dGg2NQe8dDqWy55,0.0070921985815602835,1,141,10,61.22
93,3,34FpzSScazHxw38pF,0.01775147928994083,3,169,10,60.31
93,4,XfRbqfqaDeX9x7cZA,0.023696682464454975,5,211,10,67.15
93,5,ixodTCNQQzRaEboEC,0.005405405405405406,1,185,10,64.71
93,6,HHPcHdxuBdgmeGyAv,0.0,0,206,10,69.75
94,0,Wws4MXYGyYL3owna6,0.025,1,40,28,124.4
94,1,aZLXuZZhhoXxxxcJw,0.0,0,77,28,89.75
94,2,vxga6sG69xozq4gAn,0.0,0,141,28,61.22
94,3,riHaWLxsyBo8Foez8,0.011834319526627219,2,169,28,60.31
94,4,wLGiF3hKCeQwRNsng,0.03317535545023697,7,211,28,67.15
94,5,NL89h6c7cBDEsWMwD,0.032432432432432434,6,185,28,64.71
94,6,CpJQ2yn8G3oceXozT,0.05825242718446602,12,206,28,69.75
95,0,JXEdoXB3dtM5Qpjzc,0.0,0,40,35,124.4
95,1,5f8sK9SwAJHEoMsFk,0.012987012987012988,1,77,35,89.75
95,2,qEKBY8eRb27qBBmDe,0.0070921985815602835,1,141,35,61.22
95,3,QyK5Rb23vZLqQkcZc,0.023668639053254437,4,169,35,60.31
95,4,SmpjocWaKCPQkojrE,0.03317535545023697,7,211,35,67.15
95,5,P948N8dcNifncyZA6,0.07027027027027027,13,185,35,64.71
95,6,EvSzTN2dhj3cxow3b,0.043689320388349516,9,206,35,69.75
96,0,CWCmeJydwB7QqF6m2,0.0,0,40,36,124.4
96,1,StijsfGEeeuamvtfX,0.012987012987012988,1,77,36,89.75
96,2,4q5yEhAQoD9MjXA2y,0.028368794326241134,4,141,36,61.22
96,3,YPJAJdqo8TknHMFmh,0.04142011834319527,7,169,36,60.31
96,4,HdB8evs5vwir5mveF,0.037914691943127965,8,211,36,67.15
96,5,4aqyTiZTeRN2XYLsL,0.04864864864864865,9,185,36,64.71
96,6,euunLPmRFPNCZRC2J,0.03398058252427184,7,206,36,69.75
97,0,NXrT95iMjLLyPewZr,0.025,1,40,19,124.4
97,1,LB9nw26qQJAnyNHgt,0.0,0,77,19,89.75
97,2,5Tvbts7MMeyqNci9x,0.02127659574468085,3,141,19,61.22
97,3,2e6tLBs6xJig8DtKD,0.03550295857988166,6,169,19,60.31
97,4,gnoLLmn8X9yyLLKhd,0.018957345971563982,4,211,19,67.15
97,5,3i7gsTJ9AcQB2soWb,0.010810810810810811,2,185,19,64.71
97,6,GnD7x62npX9Zdope8,0.014563106796116505,3,206,19,69.75
98,0,iXzxAAk9RZqP8nv8g,0.025,1,40,28,124.4
98,1,PeFY292JDNEHB8qfh,0.012987012987012988,1,77,28,89.75
98,2,fNJqpX9PcdxunzdT8,0.028368794326241134,4,141,28,61.22
98,3,ZffFF8pJDGq9fMims,0.03550295857988166,6,169,28,60.31
98,4,5dbhTBYcSTuH4aaKu,0.037914691943127965,8,211,28,67.15
98,5,h286L7w7tyWd6Zx3t,0.021621621621621623,4,185,28,64.71
98,6,YZHhyLWPt6qe4wPkR,0.019417475728155338,4,206,28,69.75
99,0,Ls7R8dG5WQY6e7yxN,0.0,0,40,7,124.4
99,1,BXEmtofGqZbJR2RM5,0.025974025974025976,2,77,7,89.75
99,2,LC4JoF4ziaNPbjJ8K,0.0,0,141,7,61.22
99,3,iLGvJAKrA3JcFjd2k,0.01775147928994083,3,169,7,60.31
99,4,C8HTc79uu8qidkYb5,0.004739336492890996,1,211,7,67.15
99,5,QjwEqi4HfmauCz58g,0.005405405405405406,1,185,7,64.71
99,6,st9oEQQ698ZC4X7qo,0.0,0,206,7,69.75
100,0,ryB3PJDeAHhrC3xjX,0.0,0,40,6,124.4
100,1,D9BFvQNCqYijPmjuv,0.012987012987012988,1,77,6,89.75
100,2,gnofr824uvRvMJdho,0.0070921985815602835,1,141,6,61.22
100,3,jYPtJaXnaqGovEnDM,0.0,0,169,6,60.31
100,4,5ruP7TXcXCGiiy2Ss,0.0,0,211,6,67.15
100,5,WLr8qxi7h8cNA7b9q,0.010810810810810811,2,185,6,64.71
100,6,2BcdqEdX4KWkqBvcL,0.009708737864077669,2,206,6,69.75
101,0,8bQuTsxjdbmZWc2q9,0.0,0,40,23,124.4
101,1,pgpYkoryhkWfjP4Y4,0.0,0,77,23,89.75
101,2,dXpBoXmrn3vxtn3Qq,0.0070921985815602835,1,141,23,61.22
101,3,g2p5gwpkZiL9MsTob,0.023668639053254437,4,169,23,60.31
101,4,GvxgSt37QDpfpt632,0.02843601895734597,6,211,23,67.15
101,5,83AjPyvx5emkfGLcd,0.032432432432432434,6,185,23,64.71
101,6,y5Did8mCGxB75wJNL,0.02912621359223301,6,206,23,69.75
102,0,xfpRE4sQLY9NiY6Zm,0.0,0,40,14,124.4
102,1,Tgnf7YfawaxK2DcCB,0.012987012987012988,1,77,14,89.75
102,2,tQ8WK88Zx32f3zE8z,0.0,0,141,14,61.22
102,3,N64hnqY2N8ZfCjWEQ,0.005917159763313609,1,169,14,60.31
102,4,XDXyT6vkrvPeTSgXZ,0.02843601895734597,6,211,14,67.15
102,5,2E3xkKfJuxwgTFsBY,0.005405405405405406,1,185,14,64.71
102,6,u7PfDbe6AHga8GCpK,0.024271844660194174,5,206,14,69.75
103,0,FJFufeAaaZKhThykP,0.0,0,40,28,124.4
103,1,csZpYsLrjoSebNDpQ,0.0,0,77,28,89.75
103,2,H9XmrZnRTGELYLrqk,0.014184397163120567,2,141,28,61.22
103,3,5K9FitxwRicii3dfS,0.04142011834319527,7,169,28,60.31
103,4,vrhwqFX6fgofoYGFW,0.014218009478672985,3,211,28,67.15
103,5,CP3PbuNmn3gXfDkCt,0.043243243243243246,8,185,28,64.71
103,6,DRCbNeu5PCkFK9g4x,0.038834951456310676,8,206,28,69.75
104,0,WqmfY2rgii7tXm7in,0.0,0,40,12,124.4
104,1,4dmiDzEN2AyY2cY64,0.0,0,77,12,89.75
104,2,rtKbxhjA5NEm6Mrmm,0.014184397163120567,2,141,12,61.22
104,3,5Lrcmy6EC77NJJRrb,0.005917159763313609,1,169,12,60.31
104,4,xufaSeBxqZJ4nmy9k,0.009478672985781991,2,211,12,67.15
104,5,LQTkjyTpSDR4ks75R,0.005405405405405406,1,185,12,64.71
104,6,45zLyhaTwJtn3cAF3,0.02912621359223301,6,206,12,69.75
105,0,B4zyGX4PqLhKDsBuQ,0.0,0,40,20,124.4
105,1,3TQD6S8QvGY9Cn3HQ,0.03896103896103896,3,77,20,89.75
105,2,CRLxAXMok5YRDhBAH,0.0070921985815602835,1,141,20,61.22
105,3,bEiLSMB7ipuGrDosZ,0.029585798816568046,5,169,20,60.31
105,4,6jayW2LMcyZpuBqkR,0.018957345971563982,4,211,20,67.15
105,5,ZQTiyZKH4f6kHYa2p,0.010810810810810811,2,185,20,64.71
105,6,BfkhxSesaPrCHTRKa,0.024271844660194174,5,206,20,69.75
106,0,FortSAf3TWnxRnMv6,0.025,1,40,22,124.4
106,1,D6yQQrpxozSieTA75,0.0,0,77,22,89.75
106,2,ChozSAJXgNC7wZCa6,0.028368794326241134,4,141,22,61.22
106,3,GFpJzAWogbrwip8Fj,0.01775147928994083,3,169,22,60.31
106,4,bYDxMoRKh9uoDHPAo,0.023696682464454975,5,211,22,67.15
106,5,5PAKCmH3sKGTAN2gC,0.021621621621621623,4,185,22,64.71
106,6,yejuZtkm4enbfGaX5,0.024271844660194174,5,206,22,69.75
107,0,jix6tiWLK94ZoLyrr,0.0,0,40,20,124.4
107,1,FA7spbrtTW8YtB4gH,0.0,0,77,20,89.75
107,2,GnCT7bpiuFNKqoNuu,0.014184397163120567,2,141,20,61.22
107,3,Hky6F2hdoBumakTYY,0.029585798816568046,5,169,20,60.31
107,4,7RCv4RwvCCpErBR57,0.023696682464454975,5,211,20,67.15
107,5,awch5zSyedzhCkEjm,0.005405405405405406,1,185,20,64.71
107,6,9J3fjgJ3vmzEKiryc,0.03398058252427184,7,206,20,69.75
108,0,cQnKKrgqKQvW4GSK2,0.0,0,40,12,124.4
108,1,LtPk2XRgAtJay7fkr,0.0,0,77,12,89.75
108,2,MTBGuJ4KrGts6k7s5,0.02127659574468085,3,141,12,61.22
108,3,nqA4sdr86ac7c3iaH,0.005917159763313609,1,169,12,60.31
108,4,66BGXEJLyemMaAnro,0.014218009478672985,3,211,12,67.15
108,5,PQdiNELRrYBBNaQY2,0.010810810810810811,2,185,12,64.71
108,6,r9JdwniYW33GmAvg3,0.014563106796116505,3,206,12,69.75
109,0,aBod79XZCjiyXayga,0.0,0,40,28,124.4
109,1,f3EYZPWjbMP4BFsee,0.025974025974025976,2,77,28,89.75
109,2,RTFy3QLTQ75YzNavc,0.02127659574468085,3,141,28,61.22
109,3,8vjCD9ZynheQt6k3w,0.023668639053254437,4,169,28,60.31
109,4,ygC8i6orK7veThYju,0.02843601895734597,6,211,28,67.15
109,5,6xMrLkwjzHabbAf3f,0.043243243243243246,8,185,28,64.71
109,6,n9JmLnGyN8fCr8Es4,0.024271844660194174,5,206,28,69.75
110,0,Zpcq2QomGSq8LAMuY,0.0,0,40,11,124.4
110,1,eR4QGg4aYeZCqtwF6,0.0,0,77,11,89.75
110,2,ahNnJyWtFRTfXDmvQ,0.0,0,141,11,61.22
110,3,AzMFdLd2jpc9khPyA,0.0,0,169,11,60.31
110,4,Nyv5it7t9s644ECsJ,0.023696682464454975,5,211,11,67.15
110,5,h4yDcEnTuSLXQZtxN,0.005405405405405406,1,185,11,64.71
110,6,qqXDhLvyGtR5dbdeh,0.024271844660194174,5,206,11,69.75
111,0,t6yQfNfMpqRPsuY5z,0.0,0,40,18,124.4
111,1,iQgRNfYTK2rCA2Jcf,0.012987012987012988,1,77,18,89.75
111,2,3Jo7owhyMWNwxJotB,0.014184397163120567,2,141,18,61.22
111,3,AiwHy8SR6JiGfonce,0.01775147928994083,3,169,18,60.31
111,4,iiJE5jNSJrtLgF65x,0.023696682464454975,5,211,18,67.15
111,5,td9sGrMWvDyrrGugk,0.021621621621621623,4,185,18,64.71
111,6,ehzzhzuFHApFJvZu6,0.014563106796116505,3,206,18,69.75
112,0,ZhTxJGnYsbwWMtYkm,0.0,0,40,19,124.4
112,1,FGcYe26FH9dW9xb3T,0.0,0,77,19,89.75
112,2,ZRd463jF9in9WxT2J,0.0,0,141,19,61.22
112,3,zJ96giSbCWkoeFZ9K,0.01775147928994083,3,169,19,60.31
112,4,BRvjNW5kvh4pnXini,0.037914691943127965,8,211,19,67.15
112,5,2qvBbYQWfKYntgP2b,0.016216216216216217,3,185,19,64.71
112,6,3kiQJRaGpzRDZj7JZ,0.024271844660194174,5,206,19,69.75
113,0,6pAGjCZR9DvZetX5S,0.0,0,40,19,124.4
113,1,JBhSb3dGEn8Ao2JTo,0.0,0,77,19,89.75
113,2,2EPJccPfFoFLE3KKF,0.014184397163120567,2,141,19,61.22
113,3,RCz9H34cL3nKRnBc9,0.023668639053254437,4,169,19,60.31
113,4,a32qTCmR4iDLmchBR,0.023696682464454975,5,211,19,67.15
113,5,dz2qzxZzSFb4Z9hB2,0.016216216216216217,3,185,19,64.71
113,6,TP9j2PaCiydJLF2ib,0.024271844660194174,5,206,19,69.75
114,0,7nzGiTRASoc9nNasg,0.025,1,40,25,124.4
114,1,rLdvnRQKQ4AJobZHp,0.0,0,77,25,89.75
114,2,8j3XXxRtz2m3AX5np,0.02127659574468085,3,141,25,61.22
114,3,XRQmeW3zqR6NgE6pW,0.011834319526627219,2,169,25,60.31
114,4,yNi8T7WXWLEGyw6di,0.03317535545023697,7,211,25,67.15
114,5,89yAT3FF3DAf7DCQ5,0.04864864864864865,9,185,25,64.71
114,6,WvWgNm2WNSy3dYsbj,0.014563106796116505,3,206,25,69.75
115,0,ErT6447p6YBsqLaRt,0.0,0,40,37,124.4
115,1,fDuXrgEYvMrxGhSCK,0.012987012987012988,1,77,37,89.75
115,2,sx8f8RDrt2bGNaGQ3,0.014184397163120567,2,141,37,61.22
115,3,ca8e8ka8zwb4kiaaQ,0.023668639053254437,4,169,37,60.31
115,4,5FsJ8W8WjE3ySETY2,0.018957345971563982,4,211,37,67.15
115,5,ZZm8Xbdfvdb9xu9DE,0.0918918918918919,17,185,37,64.71
115,6,ApFDNGMGG9dCAeqE4,0.043689320388349516,9,206,37,69.75
116,0,6dzpicLKQhp5SkGMR,0.0,0,40,0,124.4
116,1,fgDnMNqMBRrMyiTXM,0.0,0,77,0,89.75
116,2,gePNWNr9kLRiQ56mT,0.0,0,141,0,61.22
116,3,cxLZccY63FnHW6JMq,0.0,0,169,0,60.31
116,4,a7tyDDs34FoLMrdGx,0.0,0,211,0,67.15
116,5,2yxz4cFwMJDNPezrj,0.0,0,185,0,64.71
116,6,SWKMZ5THnZ3tmceNh,0.0,0,206,0,69.75
117,0,eMjXpENg7xQYPTQX7,0.0,0,40,37,124.4
117,1,zxrJGDekeykBzrP4i,0.0,0,77,37,89.75
117,2,LmejKMyu67NGxnpLa,0.02127659574468085,3,141,37,61.22
117,3,DyTbWokJRWfKDEGNx,0.047337278106508875,8,169,37,60.31
117,4,24XtJZ8hfB4KxryZP,0.04265402843601896,9,211,37,67.15
117,5,jvNzff2G5MLPybsmH,0.07027027027027027,13,185,37,64.71
117,6,Z3SiYjo6WAatpg4hW,0.019417475728155338,4,206,37,69.75
118,0,WeAtro4fam6aMAvf9,0.0,0,40,18,124.4
118,1,gcWdZdKqfzJ5y5hiM,0.012987012987012988,1,77,18,89.75
118,2,KFmkmvzFcenE9skgE,0.014184397163120567,2,141,18,61.22
118,3,at3GMXNXnGrP72LFY,0.029585798816568046,5,169,18,60.31
118,4,wtZg3JNBb6xP8wBXs,0.0,0,211,18,67.15
118,5,L8rcNSrgYAunuPnDe,0.03783783783783784,7,185,18,64.71
118,6,6CDQ6f8GMfe3GmxqF,0.014563106796116505,3,206,18,69.75
119,0,AJ5xiDjRhkTq2YhWu,0.0,0,40,36,124.4
119,1,jpTeWHWjTyTKW48GE,0.025974025974025976,2,77,36,89.75
119,2,iGe4TFrYXfuZB36za,0.02127659574468085,3,141,36,61.22
119,3,cfmL9yCepyCt3SSN8,0.047337278106508875,8,169,36,60.31
119,4,Mh59aMBGtushSMRKy,0.009478672985781991,2,211,36,67.15
119,5,8ayGTaiC5uui2Nce4,0.02702702702702703,5,185,36,64.71
119,6,DC8rsz43dSBnatQvd,0.07766990291262135,16,206,36,69.75
120,0,Trn8gnjH5xonjxuHM,0.0,0,40,22,124.4
120,1,cyHLbM8eJmDaCKxy9,0.025974025974025976,2,77,22,89.75
120,2,zxdZrzN8PEvikrNrR,0.0070921985815602835,1,141,22,61.22
120,3,nGgy9dFbo5Je7hyZK,0.01775147928994083,3,169,22,60.31
120,4,kHRHNe4CgMc7moGef,0.02843601895734597,6,211,22,67.15
120,5,mN3wvcCLWRm2kHpp5,0.02702702702702703,5,185,22,64.71
120,6,PkiurAGKQJM3nFbGd,0.024271844660194174,5,206,22,69.75
121,0,73gX3yin7GNTFTJyw,0.0,0,40,24,124.4
121,1,XTvkK8gyucbLfHkLi,0.0,0,77,24,89.75
121,2,fJzGi53GWcPnQH7SR,0.03546099290780142,5,141,24,61.22
121,3,MZrnxLQNWzjZSB8z6,0.011834319526627219,2,169,24,60.31
121,4,29WkpcERe975SFGDg,0.037914691943127965,8,211,24,67.15
121,5,fQc34YSzNaYYwYvHF,0.043243243243243246,8,185,24,64.71
121,6,5k9qYybEwQz2Z9ipn,0.0048543689320388345,1,206,24,69.75
122,0,SE9p9zmchijj2gJyN,0.0,0,40,19,124.4
122,1,68cTJQR8n7b9S26xb,0.012987012987012988,1,77,19,89.75
122,2,dYKBiXTj8Z5NpGsho,0.0070921985815602835,1,141,19,61.22
122,3,PG2EstWPZhd4q5MHE,0.029585798816568046,5,169,19,60.31
122,4,LqCT3CDMvoicj54H3,0.02843601895734597,6,211,19,67.15
122,5,yH5NxzErxkPbFjW9S,0.016216216216216217,3,185,19,64.71
122,6,dbWizB3rQY3HQBPxZ,0.014563106796116505,3,206,19,69.75
123,0,7D3xy5mcGoBxCidDz,0.0,0,40,13,124.4
123,1,HkLa2o8qkbpcBcNbQ,0.012987012987012988,1,77,13,89.75
123,2,JXgwjAYcEkLnmdWad,0.0,0,141,13,61.22
123,3,PG6eimx548gr2Lezh,0.011834319526627219,2,169,13,60.31
123,4,B3niPf94AaqhT29YR,0.018957345971563982,4,211,13,67.15
123,5,mtkKJKNuW2Fsc8gri,0.010810810810810811,2,185,13,64.71
123,6,3GLLB2YApeqGDpErA,0.019417475728155338,4,206,13,69.75
124,0,jWPdvTg7ted2A6tXT,0.0,0,40,20,124.4
124,1,BxHdQJzMBS6FDeJcT,0.0,0,77,20,89.75
124,2,3CodHcZxDeoeuQ2sD,0.014184397163120567,2,141,20,61.22
124,3,3A2TKqfetmhre6LsP,0.023668639053254437,4,169,20,60.31
124,4,hJYyrthwezF4jQD58,0.004739336492890996,1,211,20,67.15
124,5,GgSD9qziDRtSSwJKN,0.03783783783783784,7,185,20,64.71
124,6,ZvTj62pyY3cAdrY7p,0.02912621359223301,6,206,20,69.75
125,0,EayHdsQ5YQAjmgwCp,0.0,0,40,30,124.4
125,1,55fLeQ56Z3RDawdfa,0.012987012987012988,1,77,30,89.75
125,2,dPehRtk8k5hpyMraX,0.0070921985815602835,1,141,30,61.22
125,3,BLxuFftycX4LcPSDm,0.029585798816568046,5,169,30,60.31
125,4,TcDdoze6N6Yhxgnbt,0.037914691943127965,8,211,30,67.15
125,5,8EggqaXuNAhN6F2wN,0.03783783783783784,7,185,30,64.71
125,6,jzJZnahFvtJm9JoGz,0.038834951456310676,8,206,30,69.75
126,0,T6y9GHq9vMhNhz48H,0.0,0,40,8,124.4
126,1,f734S3wWcZ55YdhYK,0.012987012987012988,1,77,8,89.75
126,2,qWFwZAgdW3SXwvLkM,0.0,0,141,8,61.22
126,3,d9Jb6Ha3Rh9sh4TzY,0.0,0,169,8,60.31
126,4,CFhTkuNRzKuYprPTd,0.018957345971563982,4,211,8,67.15
126,5,kNWkEKXhGrnGfnzjB,0.016216216216216217,3,185,8,64.71
126,6,yiSLbcr52t8FCZbvz,0.0,0,206,8,69.75
127,0,6g6H5pCaZP97JqYDP,0.0,0,40,24,124.4
127,1,9svBRrmDHbGoTQ5yH,0.0,0,77,24,89.75
127,2,wro8hHAv57zD5d9P5,0.0070921985815602835,1,141,24,61.22
127,3,DBzicM6Zc79HxXcGZ,0.04142011834319527,7,169,24,60.31
127,4,pmNxvjbohWPhuHCdx,0.02843601895734597,6,211,24,67.15
127,5,9LhbjgckAN6i7tYvd,0.032432432432432434,6,185,24,64.71
127,6,Xn9ApdqrYkzZHCDrn,0.019417475728155338,4,206,24,69.75
128,0,LYxFB2gfsgRLttCs5,0.0,0,40,17,124.4
128,1,oW9QuccuMnr7PQeu8,0.0,0,77,17,89.75
128,2,sxxMuWyn6rrizMW7c,0.014184397163120567,2,141,17,61.22
128,3,GsCK3gWfiEeCAtfBg,0.023668639053254437,4,169,17,60.31
128,4,sK2SkXfm3tS4reZPa,0.018957345971563982,4,211,17,67.15
128,5,qacDYw8Cvh9zLxog7,0.021621621621621623,4,185,17,64.71
128,6,iupcQbDkKq8C8zB72,0.014563106796116505,3,206,17,69.75
129,0,ddJ6AmMRq4XTvpZ7v,0.0,0,40,23,124.4
129,1,x3XPn7EN5hNETWsxg,0.012987012987012988,1,77,23,89.75
129,2,8BJmgmWX86NAb8T2k,0.014184397163120567,2,141,23,61.22
129,3,5L5LdAhHvLPzYjGTA,0.029585798816568046,5,169,23,60.31
129,4,XpYsELAoxefxaqgAG,0.018957345971563982,4,211,23,67.15
129,5,pnnejbGcys7rPwGJ3,0.03783783783783784,7,185,23,64.71
129,6,BtbWQMEhgMyLQ5fMK,0.019417475728155338,4,206,23,69.75
130,0,ThQGf6jczuv6dm52a,0.0,0,40,0,124.4
130,1,mGtWaJwfcxuGpaGij,0.0,0,77,0,89.75
130,2,QG84cAXKit2DKBJxD,0.0,0,141,0,61.22
130,3,hx69S6QFftGd7Qk4K,0.0,0,169,0,60.31
130,4,Z8RnhRhNBcM2APy9f,0.0,0,211,0,67.15
130,5,cLS6YvyeqzWo5RuYE,0.0,0,185,0,64.71
130,6,BsY2aGp3QMbGcCWnh,0.0,0,206,0,69.75
131,0,AzzQ3vRjhxXkG95rJ,0.0,0,40,21,124.4
131,1,2Ypdr564a7ZK2LBog,0.0,0,77,21,89.75
131,2,yHP6gCsbmuyTBxHkM,0.0,0,141,21,61.22
131,3,PjsHpCpqowaopTh3R,0.023668639053254437,4,169,21,60.31
131,4,2e5MaPK6Cfxd6PnvA,0.023696682464454975,5,211,21,67.15
131,5,7QNsu42S7gfRrJanq,0.016216216216216217,3,185,21,64.71
131,6,9mZPjBv9sYbE5QAsB,0.043689320388349516,9,206,21,69.75
132,0,n3eiNJ7n3FZPM7i8M,0.0,0,40,23,124.4
132,1,ak4KPBxATxrggzD2f,0.0,0,77,23,89.75
132,2,8dbMwkv6gMG2cxdNH,0.0070921985815602835,1,141,23,61.22
132,3,ruTfbyKNRoEEqJ4Z8,0.01775147928994083,3,169,23,60.31
132,4,nnxJTgsz2oEKYZywr,0.03317535545023697,7,211,23,67.15
132,5,BErEnZJ3qCHs9Dwyt,0.021621621621621623,4,185,23,64.71
132,6,bfcJtBnuHi4dyrksF,0.038834951456310676,8,206,23,69.75
133,0,nN6YgungFyE7BGEQG,0.0,0,40,16,124.4
133,1,6BuJSHzyhHNXtukrf,0.0,0,77,16,89.75
133,2,CisFj4P4QP2PdiHGh,0.0070921985815602835,1,141,16,61.22
133,3,525g8iRmFcTnZ68hc,0.005917159763313609,1,169,16,60.31
133,4,5rstBoERWMmaoTzMM,0.014218009478672985,3,211,16,67.15
133,5,PsaD5gaQBTxK4cGfc,0.03783783783783784,7,185,16,64.71
133,6,7BPQCeYkDmsnT6Prw,0.019417475728155338,4,206,16,69.75
134,0,5rekENri9GDeoCK45,0.0,0,40,17,124.4
134,1,3aMEDBAsJqjHKhiKX,0.0,0,77,17,89.75
134,2,p6eyKxYF4Tcu5ZJdo,0.014184397163120567,2,141,17,61.22
134,3,kG7KgJT5B8E7t6NCh,0.011834319526627219,2,169,17,60.31
134,4,hKLnWmQRSjyQKhTqW,0.009478672985781991,2,211,17,67.15
134,5,FNwyXeTdckS5nuzLB,0.0,0,185,17,64.71
134,6,XjyRqyqNvJcBJxYmw,0.05339805825242718,11,206,17,69.75
135,0,sPSNsqfhFNSjWFBEL,0.0,0,40,16,124.4
135,1,hKSwn7qNcuNHHaTm4,0.0,0,77,16,89.75
135,2,DQzpC65WanaRx6oDr,0.014184397163120567,2,141,16,61.22
135,3,gECjeeP5y4aJo6B5t,0.005917159763313609,1,169,16,60.31
135,4,RumKhxLNXJCzauQHP,0.03317535545023697,7,211,16,67.15
135,5,aFKvKKpSAeoKyWT2F,0.02702702702702703,5,185,16,64.71
135,6,59gHih5m2XzxdxFrk,0.0048543689320388345,1,206,16,69.75
136,0,ou96WTuqBHoZGuhsE,0.0,0,40,14,124.4
136,1,eDADZa6umMCeB2a7t,0.0,0,77,14,89.75
136,2,K22umZthiCyy4jr6Z,0.028368794326241134,4,141,14,61.22
136,3,L8PyhLdMc9dQuoMHd,0.023668639053254437,4,169,14,60.31
136,4,PBbZhx9gNRRGKgvGP,0.014218009478672985,3,211,14,67.15
136,5,6TGymuH4Gg3NmXf4E,0.005405405405405406,1,185,14,64.71
136,6,bFXXrT6wYcg5ykwR5,0.009708737864077669,2,206,14,69.75
137,0,oxCWWH2CwhQoNFrZu,0.0,0,40,15,124.4
137,1,4G2ELd5ADN9XL9k7G,0.0,0,77,15,89.75
137,2,DFv4oCZtTSEwdWDbJ,0.0,0,141,15,61.22
137,3,jQhY7bRGjPXux4P28,0.0,0,169,15,60.31
137,4,LodnYDcwEopGMLRRC,0.004739336492890996,1,211,15,67.15
137,5,kMfgAciCWqHjPre9c,0.021621621621621623,4,185,15,64.71
137,6,trS4B8MZrxdTcvF33,0.04854368932038835,10,206,15,69.75
138,0,nAoH3yHejqkHcKHmM,0.0,0,40,24,124.4
138,1,viQXT3REkMe4QoJ4D,0.025974025974025976,2,77,24,89.75
138,2,gcaqdFcdzH7YkrdxD,0.0070921985815602835,1,141,24,61.22
138,3,o4hmYG8fmkBCaZsCr,0.03550295857988166,6,169,24,60.31
138,4,5LGLSix98bFkyygqC,0.014218009478672985,3,211,24,67.15
138,5,XwrqPdN79FxNQoKQz,0.032432432432432434,6,185,24,64.71
138,6,WiZwp7k6fminSGZGn,0.02912621359223301,6,206,24,69.75
139,0,4Mk4DPDYNwEyrPuni,0.025,1,40,21,124.4
139,1,JqTZ9LcZY9o3zmrJ5,0.0,0,77,21,89.75
139,2,RoB4B9uSWbdqKPzZr,0.028368794326241134,4,141,21,61.22
139,3,zMQH6gD4svCzuoCyh,0.01775147928994083,3,169,21,60.31
139,4,fDPqrriN7XXLPhZAJ,0.02843601895734597,6,211,21,67.15
139,5,2wqtYNAPH6sKdfbBB,0.010810810810810811,2,185,21,64.71
139,6,GEpRJC5uAog89Nsgi,0.024271844660194174,5,206,21,69.75
140,0,RRYRH88fwSHHpAZkp,0.0,0,40,20,124.4
140,1,kRTWTDPxhS2qjA8J8,0.0,0,77,20,89.75
140,2,37n4FmpuuRuj3GgxT,0.0070921985815602835,1,141,20,61.22
140,3,EFjPnQoZEMeE6eKwE,0.011834319526627219,2,169,20,60.31
140,4,dahS6gaFquhknAEWL,0.03317535545023697,7,211,20,67.15
140,5,4wjMHwfDccSjuLsfm,0.032432432432432434,6,185,20,64.71
140,6,ASWTiixHTatzD7ouL,0.019417475728155338,4,206,20,69.75
141,0,nganJWkH2SSwt3EsK,0.0,0,40,0,124.4
141,1,6SADkjrWGcgbmvtgf,0.0,0,77,0,89.75
141,2,Wafsbb2RzmKGY3y88,0.0,0,141,0,61.22
141,3,grswCy6SN3amfRW8y,0.0,0,169,0,60.31
141,4,qxupWPjNNtkKpa7Zn,0.0,0,211,0,67.15
141,5,PmFA9rpazLWmXN2RH,0.0,0,185,0,64.71
141,6,cjB7KWijnBxFMqiPW,0.0,0,206,0,69.75
142,0,DBdxFxZXqffwP9GCF,0.0,0,40,11,124.4
142,1,yAnz3nbuPSWXP62mm,0.0,0,77,11,89.75
142,2,d3vQpLyqwnc85Qmmi,0.0070921985815602835,1,141,11,61.22
142,3,QRrvxrm9Jmf6JKCP9,0.011834319526627219,2,169,11,60.31
142,4,zDk8JeBZx8rZshQLe,0.014218009478672985,3,211,11,67.15
142,5,WMy3R3YuJSrc8Y4Xq,0.016216216216216217,3,185,11,64.71
142,6,iQBkvNjFHzgZkLRqB,0.009708737864077669,2,206,11,69.75
143,0,HwAArBKHGz5KLfDcj,0.025,1,40,8,124.4
143,1,pwrWYmsnL9xuRCtK3,0.0,0,77,8,89.75
143,2,mQGrn7aFdkLr7PQx9,0.0070921985815602835,1,141,8,61.22
143,3,fLyiGjRKqWwGeNdas,0.005917159763313609,1,169,8,60.31
143,4,2aewAKjnvbszsbkkd,0.004739336492890996,1,211,8,67.15
143,5,qEPmzKrZ5v4HNeetm,0.016216216216216217,3,185,8,64.71
143,6,uj5s3pZw6qgD7dNGq,0.0048543689320388345,1,206,8,69.75
144,0,Nm8f7QuhLCKsLmGyG,0.0,0,40,26,124.4
144,1,zmKijmZaoSgpResFj,0.0,0,77,26,89.75
144,2,HLTHMTaa6nPAxHAky,0.02127659574468085,3,141,26,61.22
144,3,hji2YAgY57wP6JtQW,0.04142011834319527,7,169,26,60.31
144,4,6dAbHNaBR63uaDgs7,0.018957345971563982,4,211,26,67.15
144,5,djsi2AdKi3Nu4isiy,0.03783783783783784,7,185,26,64.71
144,6,HhLJugvXJMNJN9RmQ,0.024271844660194174,5,206,26,69.75
145,0,cprgazeicq2bhdT2h,0.0,0,40,47,124.4
145,1,q9jezNuouQDM85evC,0.012987012987012988,1,77,47,89.75
145,2,r8aLq4BfTjniZMEMK,0.04964539007092199,7,141,47,61.22
145,3,R5rfr37i9ECEYzWTk,0.023668639053254437,4,169,47,60.31
145,4,7JMCXJuXhd9vTLNd2,0.03317535545023697,7,211,47,67.15
145,5,Rxqdhykv5CY4j3meu,0.05945945945945946,11,185,47,64.71
145,6,i4pWkaopJhkjD85Cn,0.0825242718446602,17,206,47,69.75
146,0,n65Mgj9Cbrk2PrBwB,0.0,0,40,19,124.4
146,1,5oC6uH8H7Y4JcTMLw,0.012987012987012988,1,77,19,89.75
146,2,3GKraShEXDyf9L6Fa,0.0070921985815602835,1,141,19,61.22
146,3,2nZ2spGNvBXMRnPMe,0.011834319526627219,2,169,19,60.31
146,4,tzgSDhWmdcB5W3RPb,0.023696682464454975,5,211,19,67.15
146,5,WdCycMf64QoyyWxj8,0.016216216216216217,3,185,19,64.71
146,6,TzGz9pe5fGWva8v5T,0.03398058252427184,7,206,19,69.75
147,0,gcHKhC9XgNxmFgx9v,0.0,0,40,14,124.4
147,1,pwTKGvijeQgRjFYLa,0.0,0,77,14,89.75
147,2,77MXWEey5fCGMi2za,0.02127659574468085,3,141,14,61.22
147,3,EFgDmkhhtGiFF5QTF,0.011834319526627219,2,169,14,60.31
147,4,5bSiJoR3eR5f7FxfA,0.009478672985781991,2,211,14,67.15
147,5,YiD7L3ro7hJ9akAFL,0.016216216216216217,3,185,14,64.71
147,6,LqmHXbefaq6knnWxi,0.019417475728155338,4,206,14,69.75
148,0,wKZv6BsQboAHnFEDK,0.0,0,40,27,124.4
148,1,X4szK4WSR9FX3Lgf4,0.012987012987012988,1,77,27,89.75
148,2,qqCAauWYSjD47zAbu,0.0425531914893617,6,141,27,61.22
148,3,kdZaMpgHbL4oj5ZBT,0.029585798816568046,5,169,27,60.31
148,4,gAT4uKidsxNYHnJic,0.023696682464454975,5,211,27,67.15
148,5,nkGrfvu2T5skdoo4X,0.032432432432432434,6,185,27,64.71
148,6,ZYe97Ny9wxFKG5LkM,0.019417475728155338,4,206,27,69.75
149,0,Gqv4h3JXy4tj6EyZ9,0.0,0,40,21,124.4
149,1,pGMSobQA4XXxoMJoL,0.012987012987012988,1,77,21,89.75
149,2,dzbf7jYE2GNPD3nqA,0.014184397163120567,2,141,21,61.22
149,3,Ma2JXadedFRzNEHsL,0.011834319526627219,2,169,21,60.31
149,4,c6n7XAknzitTWm6N4,0.023696682464454975,5,211,21,67.15
149,5,iyLTyr4MFhzgjGXmR,0.043243243243243246,8,185,21,64.71
149,6,t26HTLytHNSgjSAkZ,0.014563106796116505,3,206,21,69.75
150,0,c9oDHrsoJxiFxfbr6,0.0,0,40,12,124.4
150,1,sqsDF5iXPFSNRrqra,0.0,0,77,12,89.75
150,2,hbNxerQWtyp853Qje,0.0,0,141,12,61.22
150,3,u5BbKmweqEwqagNQa,0.005917159763313609,1,169,12,60.31
150,4,knRPs4DhHcwLBDN5X,0.023696682464454975,5,211,12,67.15
150,5,dFfRjJoNHsgbNKPwn,0.032432432432432434,6,185,12,64.71
150,6,XTBaMGefxG3yKecGH,0.0,0,206,12,69.75
151,0,Lx4gvXCvoyWvAizkc,0.0,0,40,4,124.4
151,1,rnZFeHgqaKaAXuDrd,0.0,0,77,4,89.75
151,2,R8bRPER7K92PSHXjN,0.0,0,141,4,61.22
151,3,hHP3HnJXw9TkALyeD,0.0,0,169,4,60.31
151,4,vfFDNtnXwa8Y478RZ,0.014218009478672985,3,211,4,67.15
151,5,GSgw3rHKMTCeGbDww,0.0,0,185,4,64.71
151,6,HpfNg2tKcYb9QiBtT,0.0048543689320388345,1,206,4,69.75
152,0,Jg9Z9sT7HH7LKHniG,0.0,0,40,11,124.4
152,1,8uT7gwGXqRWqW6Spx,0.0,0,77,11,89.75
152,2,8KRtxf4Q4CqffvqwK,0.0,0,141,11,61.22
152,3,KgSapwitsiMsQZYpX,0.011834319526627219,2,169,11,60.31
152,4,8KySgASrnetXsZfiC,0.018957345971563982,4,211,11,67.15
152,5,aHYQrJz2sM4HBGgxN,0.005405405405405406,1,185,11,64.71
152,6,edHkfJi4xefHzF4oq,0.019417475728155338,4,206,11,69.75
153,0,ebPD8jWQBCEPjZEDu,0.0,0,40,19,124.4
153,1,m33tdbFPDEnzPWd9T,0.012987012987012988,1,77,19,89.75
153,2,T6hrK2ThD9xe5w9tZ,0.0,0,141,19,61.22
153,3,DYF7ub5kC6HvuvtDT,0.01775147928994083,3,169,19,60.31
153,4,fSB2Z4LrXz3YZPMJa,0.03317535545023697,7,211,19,67.15
153,5,uW6RjRgAS2H2pQfKE,0.032432432432432434,6,185,19,64.71
153,6,wZQMhA22FhFiuubAZ,0.009708737864077669,2,206,19,69.75
154,0,BSDTMAHxbaHKhrw7c,0.0,0,40,29,124.4
154,1,Yn3AAvqYksZ8T64g8,0.012987012987012988,1,77,29,89.75
154,2,BWnihsrEjxqgkJDNA,0.04964539007092199,7,141,29,61.22
154,3,Tyc5T9CrxwRLi3hpX,0.01775147928994083,3,169,29,60.31
154,4,beoyyE9u8PXz6sZZZ,0.05687203791469194,12,211,29,67.15
154,5,kjeCTTCLQzrKtTAKE,0.02702702702702703,5,185,29,64.71
154,6,MynQF8Gcfpv4tQL4D,0.0048543689320388345,1,206,29,69.75
155,0,ZJeKwpr6vMrBLtC3k,0.0,0,40,19,124.4
155,1,upkwbbdEMhJmiGmPZ,0.012987012987012988,1,77,19,89.75
155,2,Hf4sP5z7J2ZNjwC97,0.014184397163120567,2,141,19,61.22
155,3,5btenWuBmWJvhQDDE,0.0,0,169,19,60.31
155,4,oyQqzq8xkDvw8qbDJ,0.014218009478672985,3,211,19,67.15
155,5,8T7qWWcDg2C5jCfgz,0.03783783783783784,7,185,19,64.71
155,6,PMLmRJvqGwyuKkuQQ,0.02912621359223301,6,206,19,69.75
156,0,GPaFAEqwXS9z79gbD,0.0,0,40,23,124.4
156,1,vGzyaEhwcPJijXtPR,0.0,0,77,23,89.75
156,2,vvx5XxgoA8fpjmxu6,0.028368794326241134,4,141,23,61.22
156,3,fidnbSHSumr2ofXRE,0.03550295857988166,6,169,23,60.31
156,4,AZaDgtFiEZLgMca7b,0.023696682464454975,5,211,23,67.15
156,5,7h5r6ptunQoLMJxm7,0.016216216216216217,3,185,23,64.71
156,6,zomqxgqGSRy9sTvDg,0.024271844660194174,5,206,23,69.75
157,0,iaZY539dp9iSijkde,0.0,0,40,5,124.4
157,1,Xyq9XmhwsXCB7ibak,0.0,0,77,5,89.75
157,2,rBypkJpKgQoKohYS7,0.0,0,141,5,61.22
157,3,9TepbAsx3JPGSLn8k,0.005917159763313609,1,169,5,60.31
157,4,774LstaTc7idc8Lg9,0.009478672985781991,2,211,5,67.15
157,5,TFqJhciGQzcfCxeop,0.0,0,185,5,64.71
157,6,wWr9PBRS2k7cX8YNp,0.009708737864077669,2,206,5,69.75
158,0,bzmJxSgkP2oCmzw6r,0.0,0,40,18,124.4
158,1,ToWxCL36kfg6zKfR5,0.0,0,77,18,89.75
158,2,WENv6siv9xGqgXdq5,0.014184397163120567,2,141,18,61.22
158,3,zdCRoFksnue2eqATk,0.011834319526627219,2,169,18,60.31
158,4,bH3KqgtwAuKrSNe5Z,0.0,0,211,18,67.15
158,5,HsTwCpv8Y2Tvq2vDP,0.05945945945945946,11,185,18,64.71
158,6,mEoKyYF5DLRWqrKbn,0.014563106796116505,3,206,18,69.75
159,0,faahgJEKKfZqm7MkJ,0.025,1,40,6,124.4
159,1,Bo5kPXzdH28eLwsiy,0.0,0,77,6,89.75
159,2,Z6MspmeHjEMZggMza,0.0070921985815602835,1,141,6,61.22
159,3,r3M6zcoEij7ixQdXq,0.01775147928994083,3,169,6,60.31
159,4,r8PFJBuXybWP5Sfbr,0.0,0,211,6,67.15
159,5,8vsC3D9REq8dDcDeb,0.005405405405405406,1,185,6,64.71
159,6,5acCDaATGeXMeMBDn,0.0,0,206,6,69.75
160,0,FbkNcMCiL6SnshS2F,0.0,0,40,12,124.4
160,1,cFbjZ8MBBA3iN8CFe,0.0,0,77,12,89.75
160,2,pAxCgvbtMEZrcRs86,0.0070921985815602835,1,141,12,61.22
160,3,7EhzngW6QRYmtrCmD,0.029585798816568046,5,169,12,60.31
160,4,wD96Pt4dDeeCBG3Ef,0.009478672985781991,2,211,12,67.15
160,5,QfdTT5SDHa8g2H36q,0.010810810810810811,2,185,12,64.71
160,6,wB8kkA3mBs4qu7kYf,0.009708737864077669,2,206,12,69.75
161,0,KkNwdTcMhC6TyRdZ7,0.0,0,40,12,124.4
161,1,2igisGZX2vbW57N7X,0.0,0,77,12,89.75
161,2,2aGRMAnQb7jDYLadY,0.0070921985815602835,1,141,12,61.22
161,3,Ghy5d934vjQbuw42N,0.005917159763313609,1,169,12,60.31
161,4,BidXGuCoqjRNeYwJk,0.009478672985781991,2,211,12,67.15
161,5,8x6rHixMCpneR8XbR,0.021621621621621623,4,185,12,64.71
161,6,tzbW88BGs2gqAoaas,0.019417475728155338,4,206,12,69.75
162,0,hf3an2oGDWQ8xFY8j,0.0,0,40,9,124.4
162,1,zfkm2ao5hk6o3bc6P,0.0,0,77,9,89.75
162,2,76gbgEWLFAjk4gHYy,0.0,0,141,9,61.22
162,3,gEMArYZWoqY2m559b,0.011834319526627219,2,169,9,60.31
162,4,995oWpJfYLN5scW7S,0.004739336492890996,1,211,9,67.15
162,5,XuPive27cyxrfNzP8,0.016216216216216217,3,185,9,64.71
162,6,2CXi5PB4qa9AWGr4P,0.014563106796116505,3,206,9,69.75
163,0,ajzoJHpkYaGBpCudC,0.0,0,40,9,124.4
163,1,eE2QQEpLGCJQzjqeG,0.012987012987012988,1,77,9,89.75
163,2,9scwmXtLfeYs6nfmB,0.0070921985815602835,1,141,9,61.22
163,3,j2PhG7MNraHsCE87a,0.01775147928994083,3,169,9,60.31
163,4,TGm4TB7o48fJjN7BC,0.018957345971563982,4,211,9,67.15
163,5,tCEYWBgEmm99g9yYT,0.0,0,185,9,64.71
163,6,tQThDQFfr8QAoGti6,0.0,0,206,9,69.75
164,0,gM9Ekb9nHeBq7ZCrC,0.0,0,40,11,124.4
164,1,ugxeunKsLAiCeuHF6,0.025974025974025976,2,77,11,89.75
164,2,jFhmnzqauwthQQwtR,0.0,0,141,11,61.22
164,3,RPXjEHAwAF8WstMKR,0.023668639053254437,4,169,11,60.31
164,4,ZtJ4mu6xesW2LgwCo,0.023696682464454975,5,211,11,67.15
164,5,KjfNHe5LCYwnrhwkx,0.0,0,185,11,64.71
164,6,HPeLaGoRNSkTcHMiF,0.0,0,206,11,69.75
165,0,NPznoZ3mSWvzPcoia,0.0,0,40,22,124.4
165,1,7XoiCMfwrpENKg6hF,0.012987012987012988,1,77,22,89.75
165,2,a7PJYyvrY5QKEuaJD,0.0,0,141,22,61.22
165,3,s6XXB7MDtyQ83Bj9h,0.005917159763313609,1,169,22,60.31
165,4,qGb28BzT3M8pgKvny,0.02843601895734597,6,211,22,67.15
165,5,JYe8uvyNM6mSagmju,0.03783783783783784,7,185,22,64.71
165,6,C4nDCR3ctoEsykvm3,0.03398058252427184,7,206,22,69.75
166,0,jHAhtEEj6Lu6RYtPL,0.0,0,40,18,124.4
166,1,fJBLXY8f55ZmaGur2,0.012987012987012988,1,77,18,89.75
166,2,yi25drZ4jRPBvPHYi,0.0,0,141,18,61.22
166,3,FcNZBEDMhsd7aC9Kk,0.029585798816568046,5,169,18,60.31
166,4,CYGp4bsyr3w4Qh2LY,0.023696682464454975,5,211,18,67.15
166,5,NrgKDCiA376WkSt3J,0.010810810810810811,2,185,18,64.71
166,6,BBxXuT4Fn5Fwp8nqG,0.024271844660194174,5,206,18,69.75
167,0,PxLBave5cRTMQBf7q,0.0,0,40,14,124.4
167,1,vRWGvfJHJ8sryHfPK,0.012987012987012988,1,77,14,89.75
167,2,ukFaimm4eMi2iCxTe,0.0070921985815602835,1,141,14,61.22
167,3,3aHetturDJZnfDKsX,0.011834319526627219,2,169,14,60.31
167,4,qtpnDH7HoXpBCRTH3,0.037914691943127965,8,211,14,67.15
167,5,rNocY5q3sDzcXZykD,0.010810810810810811,2,185,14,64.71
167,6,dQ7kcmbqZghsoQKxA,0.0,0,206,14,69.75
168,0,jLXHqb7JZFWsAPQQo,0.0,0,40,23,124.4
168,1,CGJBt5bzYp66dyx8Q,0.0,0,77,23,89.75
168,2,REHjKzs4iceLFRshb,0.014184397163120567,2,141,23,61.22
168,3,zQ9SDE7cEuvhCXx6C,0.005917159763313609,1,169,23,60.31
168,4,PCuz8uQK32Qc3gNQG,0.02843601895734597,6,211,23,67.15
168,5,Qz8Pijh2DkCEdwC65,0.02702702702702703,5,185,23,64.71
168,6,cRiXYintwNqS3n3kt,0.043689320388349516,9,206,23,69.75
169,0,fFg5yT5hyyDSBcq3b,0.0,0,40,12,124.4
169,1,mgMt6FdASnFczGuy2,0.0,0,77,12,89.75
169,2,j4Nbkijn8t7HwSo99,0.0070921985815602835,1,141,12,61.22
169,3,6dP2zzXjTPQkD3XaY,0.011834319526627219,2,169,12,60.31
169,4,dEgW3wfBPHqqXBzxh,0.023696682464454975,5,211,12,67.15
169,5,PsH7fWYrLNTQZ2rXf,0.016216216216216217,3,185,12,64.71
169,6,7iTiqnmqLJkJEDHfG,0.0048543689320388345,1,206,12,69.75
170,0,HhWudMpwkHKGaJaTE,0.0,0,40,0,124.4
170,1,vXJDw4wHBFqK2zArF,0.0,0,77,0,89.75
170,2,uKWubbWQHTwCLsRE6,0.0,0,141,0,61.22
170,3,zFktSsyumBLwZ3bX7,0.0,0,169,0,60.31
170,4,Hrbewm8L9m3a9nyof,0.0,0,211,0,67.15
170,5,83B2x9z5kd2YzZvP5,0.0,0,185,0,64.71
170,6,u6CmpPnNwa3A3Hzt9,0.0,0,206,0,69.75
171,0,bPiyLXpYEPdRGijHG,0.0,0,40,3,124.4
171,1,qsrjugn4Hgfd6Eww5,0.0,0,77,3,89.75
171,2,LCCfE9wktQ5JYZK69,0.0,0,141,3,61.22
171,3,CSHkoh7xA58338Fa6,0.0,0,169,3,60.31
171,4,5xXiT3vNuDq96jHvZ,0.009478672985781991,2,211,3,67.15
171,5,F7JHnirCTiJtxv2JQ,0.0,0,185,3,64.71
171,6,4HHPNgPnLjxRjH24r,0.0048543689320388345,1,206,3,69.75
172,0,fh9u48oHtNwJsTcQe,0.0,0,40,12,124.4
172,1,vDFcYd42XzK7JNi3g,0.0,0,77,12,89.75
172,2,qxGEex4QzbumXH29r,0.0070921985815602835,1,141,12,61.22
172,3,P5tqnfsnjK63QhuSi,0.011834319526627219,2,169,12,60.31
172,4,Tk2KaFRwMeB2TW7wZ,0.014218009478672985,3,211,12,67.15
172,5,c97bXQjX33Hdouf7t,0.016216216216216217,3,185,12,64.71
172,6,9WTwmMMepxvfMz9mT,0.014563106796116505,3,206,12,69.75
173,0,7jKu8FYgG4tKD3NEq,0.0,0,40,10,124.4
173,1,nyhxGe5Jxd3WKJab7,0.0,0,77,10,89.75
173,2,nFfgg5bFbWEQ43rJP,0.0,0,141,10,61.22
173,3,tDmphb9euWXJ4WNk6,0.01775147928994083,3,169,10,60.31
173,4,8SMCd4NQDPcn7gxdK,0.018957345971563982,4,211,10,67.15
173,5,iuCTZHWymvbJQR8Do,0.016216216216216217,3,185,10,64.71
173,6,dw87Kd66Bje2NkzX4,0.0,0,206,10,69.75
174,0,bFGkMnZzpNGBjgCTA,0.0,0,40,23,124.4
174,1,8FzPQY7nKdKG8bWEN,0.0,0,77,23,89.75
174,2,zESy6DcTotwxGTqed,0.0,0,141,23,61.22
174,3,hAEh9JbouqWDm56AP,0.005917159763313609,1,169,23,60.31
174,4,wPKmEDjMdscH9X7dj,0.018957345971563982,4,211,23,67.15
174,5,g9Z5FsLTr4SD3Y66b,0.07027027027027027,13,185,23,64.71
174,6,voGs56p6y44gNnbcc,0.024271844660194174,5,206,23,69.75
175,0,xEssTxf78maJHWhaP,0.0,0,40,13,124.4
175,1,2w3ypoikGdne5pqbs,0.0,0,77,13,89.75
175,2,Hn4kR5cXGdxJbzGyF,0.0,0,141,13,61.22
175,3,PDPKfxmjhXv25kGBB,0.011834319526627219,2,169,13,60.31
175,4,XWXDJbj75TdXWnAPe,0.004739336492890996,1,211,13,67.15
175,5,2ebxyLBqdmbQR6uHv,0.016216216216216217,3,185,13,64.71
175,6,7SLiHYMqEHb6STTCN,0.03398058252427184,7,206,13,69.75
176,0,jqyR5jacn8WHzdBh2,0.0,0,40,20,124.4
176,1,2YxFoecguu6kTh7fo,0.012987012987012988,1,77,20,89.75
176,2,uZw4o4QSA6miXgkvp,0.02127659574468085,3,141,20,61.22
176,3,z4vzHCBohdrdEctZJ,0.029585798816568046,5,169,20,60.31
176,4,ziSK58uEwR7KgaRFp,0.014218009478672985,3,211,20,67.15
176,5,qRifBToh7GdZTnS7H,0.016216216216216217,3,185,20,64.71
176,6,P2XNcew2h9ANbXxfQ,0.024271844660194174,5,206,20,69.75
177,0,jyiwnHrksBntx6525,0.0,0,40,11,124.4
177,1,uBny7Cn9Yhth9Zgjs,0.0,0,77,11,89.75
177,2,dsWv4gZB6MwRbqPMt,0.0070921985815602835,1,141,11,61.22
177,3,izdXfwNuiQ9RWLDEf,0.005917159763313609,1,169,11,60.31
177,4,R2CzRuqiR6Dvb4Jcs,0.018957345971563982,4,211,11,67.15
177,5,3P6kza3TTv9r7gbQY,0.010810810810810811,2,185,11,64.71
177,6,Sm55joexRLAEuqdf9,0.014563106796116505,3,206,11,69.75
178,0,HZTn23uzfqqvN3EoM,0.0,0,40,7,124.4
178,1,Y4FytoRpqAgAWCovy,0.0,0,77,7,89.75
178,2,E8vJWg49wxSy3uAAp,0.014184397163120567,2,141,7,61.22
178,3,phrfX256NxPXwbqze,0.005917159763313609,1,169,7,60.31
178,4,BKdJTYDXTaJr6H2hv,0.004739336492890996,1,211,7,67.15
178,5,StxxdxEocTLMChEqC,0.005405405405405406,1,185,7,64.71
178,6,fgboEavkcgH9f9GTt,0.009708737864077669,2,206,7,69.75
179,0,WeHxfjpzEY4oEA2TT,0.025,1,40,10,124.4
179,1,QM63NuEGLmdunMhvT,0.0,0,77,10,89.75
179,2,udLrZiJtnnNmNFBiR,0.014184397163120567,2,141,10,61.22
179,3,85SCpqFiWe4ybF9ep,0.01775147928994083,3,169,10,60.31
179,4,s2AhvFLvPMBmNunGD,0.004739336492890996,1,211,10,67.15
179,5,89uKcmHNLizqhyFsu,0.010810810810810811,2,185,10,64.71
179,6,cykW68qPBufbCKRzQ,0.0048543689320388345,1,206,10,69.75
180,0,4CBe3zqgkd4ngcZg4,0.0,0,40,17,124.4
180,1,RTxjFgRtqY82GKPwd,0.0,0,77,17,89.75
180,2,f5vjpMcuiTmu94Te5,0.0070921985815602835,1,141,17,61.22
180,3,DisrpyuwxT9Ck5uqk,0.011834319526627219,2,169,17,60.31
180,4,Ts5dSF43Afzm2TLxg,0.023696682464454975,5,211,17,67.15
180,5,2JdXtrbvfJwtkGkJc,0.021621621621621623,4,185,17,64.71
180,6,pRNT2hruDSYKitovw,0.024271844660194174,5,206,17,69.75
181,0,kfBQRsY8fC46iFegf,0.0,0,40,11,124.4
181,1,ghgfHRREcKjWwXkPn,0.0,0,77,11,89.75
181,2,nm9gcp55Aahjm8ASL,0.0,0,141,11,61.22
181,3,roqdD93TkEvxwvj5s,0.023668639053254437,4,169,11,60.31
181,4,48SESMgrZypSXDM2N,0.014218009478672985,3,211,11,67.15
181,5,BEMFAZXfrJGmLKKKf,0.005405405405405406,1,185,11,64.71
181,6,GHeADdbG3uWhJbuvF,0.014563106796116505,3,206,11,69.75
182,0,BJKWFGeFPs2rtEpov,0.025,1,40,17,124.4
182,1,iMNvrQT2PZutSrC5y,0.0,0,77,17,89.75
182,2,bPuYBpyDGv2PmFt86,0.0070921985815602835,1,141,17,61.22
182,3,CdJoAJnGNDo2cmjc7,0.023668639053254437,4,169,17,60.31
182,4,GxdppPmpfPY4SNpGe,0.014218009478672985,3,211,17,67.15
182,5,7A2hGe6ehYnwbcfzi,0.02702702702702703,5,185,17,64.71
182,6,mByASmRZ6siyYm44b,0.014563106796116505,3,206,17,69.75
183,0,64oyQwkni45vgu4Ta,0.0,0,40,18,124.4
183,1,b6Dur8iSgiixpaC9i,0.0,0,77,18,89.75
183,2,epjmmv83zkbWofhAk,0.014184397163120567,2,141,18,61.22
183,3,eHdEA6tXqJcpcjTDH,0.005917159763313609,1,169,18,60.31
183,4,ZvRS35jarSs6eFzqS,0.023696682464454975,5,211,18,67.15
183,5,s624gdrbRLKscdENg,0.02702702702702703,5,185,18,64.71
183,6,xwuWY2F26ZGAP4C4k,0.024271844660194174,5,206,18,69.75
184,0,T2Ey4fufyXCpnFHuz,0.0,0,40,27,124.4
184,1,bLKyecEry3cX5wSv6,0.0,0,77,27,89.75
184,2,nah4RTuBMk6THNMiS,0.014184397163120567,2,141,27,61.22
184,3,9MbLoAZNFnTEANGhr,0.0650887573964497,11,169,27,60.31
184,4,teGuakjqwp3RTRpAR,0.037914691943127965,8,211,27,67.15
184,5,tcRfoaDR8qs9Pgg6z,0.016216216216216217,3,185,27,64.71
184,6,4fLg5GCettCWpASmY,0.014563106796116505,3,206,27,69.75
185,0,jPmrp7w6PtMuCCNch,0.0,0,40,19,124.4
185,1,ioRJaTjab99RN7PnH,0.0,0,77,19,89.75
185,2,QDtb9jnDz8QtGdpas,0.0,0,141,19,61.22
185,3,vyu64d7z7C9L6xFyF,0.01775147928994083,3,169,19,60.31
185,4,v4bt2CJ5nkkdjc8ao,0.02843601895734597,6,211,19,67.15
185,5,bXKrKSvPSvGPFCMnP,0.03783783783783784,7,185,19,64.71
185,6,Wo9adfeagA24nXxvP,0.014563106796116505,3,206,19,69.75
186,0,hADamx6M55c7zF4HQ,0.0,0,40,17,124.4
186,1,Rm5DmrbEbJCAmyLnM,0.0,0,77,17,89.75
186,2,7ZCMqZz5KYxCHuxds,0.02127659574468085,3,141,17,61.22
186,3,fkcPwS2sGd9cgJJYZ,0.01775147928994083,3,169,17,60.31
186,4,XzusDH2t29Lde752L,0.018957345971563982,4,211,17,67.15
186,5,mNJQrs7vyqRWBnT6j,0.010810810810810811,2,185,17,64.71
186,6,WpxiWdhKAmBPnJQTp,0.024271844660194174,5,206,17,69.75
187,0,6CKdHXv9QgSCap5SE,0.0,0,40,12,124.4
187,1,KuApZsdPE8gjBCfxe,0.0,0,77,12,89.75
187,2,v2sWnrEjSGCEaDcxY,0.0,0,141,12,61.22
187,3,42y3sj8Tuhsquea77,0.005917159763313609,1,169,12,60.31
187,4,HZkxHPYEq5BmZkb3Z,0.014218009478672985,3,211,12,67.15
187,5,n4jgBQkMRpoEZDFrP,0.021621621621621623,4,185,12,64.71
187,6,PiqWHR3TuYYmjpv3P,0.019417475728155338,4,206,12,69.75
188,0,b2CS4ZDWATL2ybAof,0.0,0,40,22,124.4
188,1,FdhFPq7tkYcRGTfks,0.0,0,77,22,89.75
188,2,26YtkGE8MYPZ9tGrr,0.0,0,141,22,61.22
188,3,TaBnu6p6WtrSpHyqw,0.01775147928994083,3,169,22,60.31
188,4,PMFJDXMADKGPDoQnT,0.052132701421800945,11,211,22,67.15
188,5,JutrP3uP2wabzMkmg,0.032432432432432434,6,185,22,64.71
188,6,pcWDBbRZCjqSNTiqR,0.009708737864077669,2,206,22,69.75
189,0,HsuruWpY8v2P3RLf2,0.0,0,40,0,124.4
189,1,ocfZJ6hGdCSx6DfZf,0.0,0,77,0,89.75
189,2,G5vmRrKFujgfZ8GYt,0.0,0,141,0,61.22
189,3,k7my9GLEMAhNTpnqC,0.0,0,169,0,60.31
189,4,wjhWSBJAHLP7ikneD,0.0,0,211,0,67.15
189,5,3M8u29Lws3EGfWWzG,0.0,0,185,0,64.71
189,6,zqrY2JmuQ2WccKwqs,0.0,0,206,0,69.75
190,0,F7iKpEzSM8cKwCMNP,0.0,0,40,38,124.4
190,1,EYMdQyZ7d3BwRrmMx,0.012987012987012988,1,77,38,89.75
190,2,bo2B3hd7nd9KhwiAv,0.0,0,141,38,61.22
190,3,tJ9QuuBnfWLXZduDf,0.005917159763313609,1,169,38,60.31
190,4,4NSGH882ox4kHKxrg,0.04739336492890995,10,211,38,67.15
190,5,THcj5gFn4YNaXEiBe,0.05405405405405406,10,185,38,64.71
190,6,y7vWDQCcr89p2aToF,0.07766990291262135,16,206,38,69.75
191,0,ukA2QhK2LjvdcfqTv,0.0,0,40,0,124.4
191,1,eiKCyJ9XoeiCd9ksY,0.0,0,77,0,89.75
191,2,j4zFXxerGgX8pjKiN,0.0,0,141,0,61.22
191,3,PKKg8SxWYWnZqGrGh,0.0,0,169,0,60.31
191,4,DpqFHdmhHMPw7M7w7,0.0,0,211,0,67.15
191,5,Y7MfyMyvWnPGwYNQC,0.0,0,185,0,64.71
191,6,sy82kPPcxDKg5zZb7,0.0,0,206,0,69.75
192,0,gsLRb5uN33P8Q4p3X,0.0,0,40,11,124.4
192,1,6HsSqmzn2vSuGkwS8,0.0,0,77,11,89.75
192,2,fJzNA759m4YqSYkrC,0.0,0,141,11,61.22
192,3,z5SpykX3CNR9K5ega,0.01775147928994083,3,169,11,60.31
192,4,LDzHFAuf6iqbs6Afi,0.018957345971563982,4,211,11,67.15
192,5,xZmgX7e2NygiNjgpk,0.016216216216216217,3,185,11,64.71
192,6,9LYXzi8WscXKx6hfX,0.0048543689320388345,1,206,11,69.75
193,0,TyBddptjvPBY6eEin,0.0,0,40,21,124.4
193,1,WGJRuQz5kiNtvFRqe,0.0,0,77,21,89.75
193,2,w23w82MscJGNeEsRW,0.02127659574468085,3,141,21,61.22
193,3,YYRspHsooouQDpdg6,0.023668639053254437,4,169,21,60.31
193,4,sDHjAGnX6EWkcHcyB,0.03317535545023697,7,211,21,67.15
193,5,EJ4NxNkRYwj4sQqkt,0.032432432432432434,6,185,21,64.71
193,6,jogcWZNJiZbiwPSHj,0.0048543689320388345,1,206,21,69.75
194,0,u6uTF5vg63sAb9fr8,0.0,0,40,27,124.4
194,1,joEHgkETeqskZTeMP,0.0,0,77,27,89.75
194,2,kn6Am5q3KjS6RFTMM,0.0070921985815602835,1,141,27,61.22
194,3,YkNDBqHvGTQ9n2qpu,0.029585798816568046,5,169,27,60.31
194,4,vaqiW2DW3CTA4B9QW,0.02843601895734597,6,211,27,67.15
194,5,47QXeyYfJmkjkcZmR,0.05405405405405406,10,185,27,64.71
194,6,8bAw5oSRrt3aNsFD9,0.024271844660194174,5,206,27,69.75
195,0,qJriQhawtD7ytepEi,0.0,0,40,0,124.4
195,1,WiZKhi5HoeBcZ4EXZ,0.0,0,77,0,89.75
195,2,TEw6utSMXW62b7HAY,0.0,0,141,0,61.22
195,3,ieigb3Kbyeoqs6pDC,0.0,0,169,0,60.31
195,4,guBKn7HtWnfeTKtoK,0.0,0,211,0,67.15
195,5,8kvpn8AJwoznJHFuL,0.0,0,185,0,64.71
195,6,pAnz2XR4aC6JYETuT,0.0,0,206,0,69.75
196,0,ijeTstAyCDJZ3DFhz,0.0,0,40,11,124.4
196,1,xcCPQoJin9ZASLFxp,0.0,0,77,11,89.75
196,2,AicYYpRjkspdLkhie,0.0,0,141,11,61.22
196,3,SZpkZzzJ3Npef8HpX,0.005917159763313609,1,169,11,60.31
196,4,qY7kDebp3z7Ey5CRf,0.018957345971563982,4,211,11,67.15
196,5,LWpowvhHnMzdAWNXK,0.021621621621621623,4,185,11,64.71
196,6,h8tJka5D5wb3xQrt2,0.009708737864077669,2,206,11,69.75
197,0,y5yxwjaixf48RNkhB,0.0,0,40,11,124.4
197,1,Pe2BnGNiAqDnfZ74K,0.0,0,77,11,89.75
197,2,WDogpsw9wdTJGMpxs,0.0070921985815602835,1,141,11,61.22
197,3,uz2ieshLvpZProTF5,0.011834319526627219,2,169,11,60.31
197,4,7yrjTnodEXckHJYpG,0.004739336492890996,1,211,11,67.15
197,5,an6mzqPMgFGuxoap8,0.005405405405405406,1,185,11,64.71
197,6,yxeiqds8bwYT39vGt,0.02912621359223301,6,206,11,69.75
198,0,Zz4X4RJGNv6LqpQJR,0.0,0,40,9,124.4
198,1,JKNXrWauxXrExk2eQ,0.0,0,77,9,89.75
198,2,xuMnycm7Z9xoirY3R,0.0070921985815602835,1,141,9,61.22
198,3,rQozGuBAPduRyy46M,0.03550295857988166,6,169,9,60.31
198,4,mWCDJX7Pxa3oQtnPj,0.0,0,211,9,67.15
198,5,QnmzCKHFzzt58zxzd,0.0,0,185,9,64.71
198,6,7BnFKcY8ufD9peRKZ,0.009708737864077669,2,206,9,69.75
199,0,72xNp4s95Pb2QymhG,0.0,0,40,15,124.4
199,1,BvDfvb5hPE77ptmPn,0.0,0,77,15,89.75
199,2,xAtTJowEfMYevWiM6,0.0,0,141,15,61.22
199,3,XtXHsAMBDixFekDf9,0.01775147928994083,3,169,15,60.31
199,4,Sm2i6CrdWi4NmpB29,0.009478672985781991,2,211,15,67.15
199,5,EA8W9vAHQqCoWhj3j,0.03783783783783784,7,185,15,64.71
199,6,Lqwoni2obufZLzqYJ,0.014563106796116505,3,206,15,69.75
200,0,WsJQKTgQyt79WbGpp,0.0,0,40,23,124.4
200,1,k5Qrt4BNvmpPezoR5,0.012987012987012988,1,77,23,89.75
200,2,JJxk2bfSB2dXkDCpt,0.0070921985815602835,1,141,23,61.22
200,3,9toyEKDyYrzWwge8K,0.005917159763313609,1,169,23,60.31
200,4,Tmnz4YNXXxMLchmt6,0.023696682464454975,5,211,23,67.15
200,5,JGnfsQ25QoMoQtRwR,0.043243243243243246,8,185,23,64.71
200,6,jfMvDdJbyYCec8JMp,0.03398058252427184,7,206,23,69.75
201,0,MMAiR7YNiXrE3kBCS,0.0,0,206,0,69.75
201,1,S4Tdn23nZHeyTmQpE,0.0,0,185,0,64.71
201,2,gzYERPepkbnQMt6E8,0.0,0,40,0,124.4
201,3,k5CjNYGnZ9PquuCjv,0.0,0,77,0,89.75
201,4,kjY7Zv69sbfy3kw5R,0.0,0,141,0,61.22
201,5,oxqvaAqyumLMqm5y2,0.0,0,211,0,67.15
201,6,pmivp9DzNatfgy49X,0.0,0,169,0,60.31
202,0,4iNCPx7L6eoJ6Myxm,0.0,0,185,4,64.71
202,1,BekCZT4jqYHFfPnj9,0.012987012987012988,1,77,4,89.75
202,2,ETWiigo6R5tn6nzed,0.0048543689320388345,1,206,4,69.75
202,3,JBc77fnaFo8Py4ruC,0.014184397163120567,2,141,4,61.22
202,4,MrMhYfRGgkzQeucvB,0.0,0,40,4,124.4
202,5,R8P7Mc4zfCKKFYbFe,0.0,0,169,4,60.31
202,6,TaM4dgFFaTiKa7qoo,0.0,0,211,4,67.15
203,0,4wTRgHeGHxugWoPYd,0.025974025974025976,2,77,3,89.75
203,1,HWvb7jFQLNS6Csq2X,0.0,0,211,3,67.15
203,2,N24wwFXocBXegBN8E,0.0,0,206,3,69.75
203,3,WMnRhT6M9PZhdYoGx,0.0,0,141,3,61.22
203,4,ZiLD84pwbZ7TLczWp,0.025,1,40,3,124.4
203,5,bSvdTfz5BFYrbgfSa,0.0,0,185,3,64.71
203,6,hZELAT7rdrT4QGFAb,0.0,0,169,3,60.31
204,0,Jks7hkFC3ssfxKMAX,0.014218009478672985,3,211,7,67.15
204,1,LTjAeCay8A84YcoCQ,0.0,0,40,7,124.4
204,2,LfAovWDiLnCNTP8AL,0.0,0,141,7,61.22
204,3,e3JTedi4CKMTn6eCx,0.014563106796116505,3,206,7,69.75
204,4,eFnwKHd2tMPfgqjYD,0.0,0,77,7,89.75
204,5,nYEzadnJBChBe6YWP,0.0,0,169,7,60.31
204,6,y3emxokY6RbkudN9Z,0.005405405405405406,1,185,7,64.71
205,0,6LgAgBFX2t6wakbzs,0.005917159763313609,1,169,16,60.31
205,1,8oj8bjSsYRyEhjW7D,0.010810810810810811,2,185,16,64.71
205,2,JWovnRQkfH3NtKjqP,0.0,0,141,16,61.22
205,3,Wszi5xET4Bj4cBgnb,0.038834951456310676,8,206,16,69.75
205,4,Zj2qojecduyqWgCQh,0.0,0,77,16,89.75
205,5,c38tR4PLM8kXc7qGJ,0.023696682464454975,5,211,16,67.15
205,6,nzaoYJhTWjfrLfWSN,0.0,0,40,16,124.4
206,0,7waNdkrCpPHz9iXZk,0.0,0,40,52,124.4
206,1,Doft5Ni5n9oBtwJqm,0.0,0,169,52,60.31
206,2,eNy8vagCSMu4RcB82,0.0,0,77,52,89.75
206,3,gndZjxsmpfzSdKhBL,0.0,0,141,52,61.22
206,4,hdQb3sFixsng4H6fr,0.21359223300970873,44,206,52,69.75
206,5,oxxNQZSRxMLvFZuTT,0.0,0,211,52,67.15
206,6,ys7RCcHn6chcqbWoY,0.043243243243243246,8,185,52,64.71
207,0,Qfpo8ge5Y8aofgDKw,0.0,0,40,35,124.4
207,1,YF7hLouaXRDAvdnsm,0.02843601895734597,6,211,35,67.15
207,2,dWcCjNZ9ccFsPdWLp,0.06796116504854369,14,206,35,69.75
207,3,eSw8Nj9hNGWrKvLAk,0.023668639053254437,4,169,35,60.31
207,4,hEYoGPXfG7qt7qax5,0.021621621621621623,4,185,35,64.71
207,5,sYKeZE5vtdKFrHeGt,0.028368794326241134,4,141,35,61.22
207,6,tQsT6tCyvGbYGvgT7,0.03896103896103896,3,77,35,89.75
208,0,CyJ7oh4m2NKEpDE3i,0.004739336492890996,1,211,12,67.15
208,1,DvFsTouBBy5oPkpTT,0.012987012987012988,1,77,12,89.75
208,2,ERACuBip75MirTpDT,0.0,0,141,12,61.22
208,3,L52LNXDLvu4BsQTnx,0.0,0,169,12,60.31
208,4,iMmqFRvEtzZnrA2F5,0.005405405405405406,1,185,12,64.71
208,5,tvo8eDm4fd6w7znix,0.0,0,40,12,124.4
208,6,w4Pd2AjqZbT9NLMJ8,0.043689320388349516,9,206,12,69.75
209,0,6g4km76pdxsB4aHHe,0.0,0,211,0,67.15
209,1,9AM9h3fuxRxBooK3f,0.0,0,77,0,89.75
209,2,FiDPbCK7Xm8AfFi4T,0.0,0,206,0,69.75
209,3,o8YbkYTxoH7aMPYnM,0.0,0,40,0,124.4
209,4,qj3K27BDjq6eyC7YW,0.0,0,185,0,64.71
209,5,uCbRpgDx85NdpG5bK,0.0,0,169,0,60.31
209,6,yZnPwXCDAJ6XoHNcp,0.0,0,141,0,61.22
210,0,A5Ep7zpXAhemJ2EFC,0.0,0,211,0,67.15
210,1,FfxuiEaEysQq25ZKZ,0.0,0,40,0,124.4
210,2,Kj4ykJ4nQGmjGoS7z,0.0,0,185,0,64.71
210,3,SXTC5YmKXaFnacPXZ,0.0,0,141,0,61.22
210,4,YuEXNz6EY9MmjqLcJ,0.0,0,77,0,89.75
210,5,fZBFG7qAoRwNLDkNt,0.0,0,169,0,60.31
210,6,wrQwz87aimJWasJoi,0.0,0,206,0,69.75
211,0,8Tq69EygfPSbtjWK4,0.0,0,77,0,89.75
211,1,MYHHn8CLg43iL8QgJ,0.0,0,206,0,69.75
211,2,QrYREbp5YMxvvMMkn,0.0,0,169,0,60.31
211,3,kh6ZvX2gGpKEuypS6,0.0,0,211,0,67.15
211,4,mAkM4mbcNusbrA7NY,0.0,0,40,0,124.4
211,5,tbyuuAyEbcpk4Jf3G,0.0,0,185,0,64.71
211,6,uKzpL4AQktw2ZKi5Q,0.0,0,141,0,61.22
212,0,GiLKXLNsi3odCi37F,0.0,0,40,1,124.4
212,1,K55Q8ozrYySrTKtZd,0.0,0,77,1,89.75
212,2,eMG4v74egPfJb63Jr,0.0,0,141,1,61.22
212,3,fp6RJDgcc9iCXfNQP,0.0,0,141,1,61.22
212,4,oRfneoYxamgoEiqLJ,0.0,0,169,1,60.31
212,5,rXhAHaLzBLPFghurz,0.0,0,77,1,89.75
212,6,tqbyZSbmk9gfe62mg,0.025,1,40,1,124.4
213,0,JRYCyXdNoySRBperm,0.0918918918918919,17,185,85,64.71
213,1,RsZBLJGtM9in3d6cu,0.10426540284360189,22,211,85,67.15
213,2,S5u6QPBLSs96Z3ytz,0.05339805825242718,11,206,85,69.75
213,3,ZdtMz3rLyatFwkSaz,0.08284023668639054,14,169,85,60.31
213,4,k6DSA5Zgrp4xzPgDB,0.1,4,40,85,124.4
213,5,kGMa8CHudtLacgxTE,0.09929078014184398,14,141,85,61.22
213,6,pcKsTk8rkRNdsZo49,0.03896103896103896,3,77,85,89.75
214,0,JEeTvDZ7xZx9qDdhp,0.025,1,40,55,124.4
214,1,PAYHT56FSAqZsE25q,0.02127659574468085,3,141,55,61.22
214,2,QWcMoiHnAAwpk4g5Z,0.07582938388625593,16,211,55,67.15
214,3,fKcgsDvWNyRs647W7,0.03783783783783784,7,185,55,64.71
214,4,kJEF6arLsewLMNzm9,0.03896103896103896,3,77,55,89.75
214,5,mEArfEu49mQfisHtg,0.029585798816568046,5,169,55,60.31
214,6,rY2cnMMhaDBHsQ6mv,0.0970873786407767,20,206,55,69.75
215,0,8EhYMWfqXGPJPXK67,0.009708737864077669,2,206,12,69.75
215,1,FduqzuXubAevzMgPq,0.0070921985815602835,1,141,12,61.22
215,2,MBP4LfFwE47JsZuWq,0.0,0,169,12,60.31
215,3,Ph6d25XbiJ8nRBLTw,0.010810810810810811,2,185,12,64.71
215,4,Xa3DEYMM4hsYzZG2y,0.0,0,40,12,124.4
215,5,rSPXHrfeta9cZYLxe,0.012987012987012988,1,77,12,89.75
215,6,v9cRQe5itXWRfxDuS,0.02843601895734597,6,211,12,67.15
216,0,JBPNQT5rD8wxogLuz,0.0,0,141,10,61.22
216,1,Ko4LQmYCqfZcQTSAB,0.019417475728155338,4,206,10,69.75
216,2,NtqtzHx5y3E3GCkkH,0.0,0,40,10,124.4
216,3,ZNqDAtBBR3dgLBusg,0.014218009478672985,3,211,10,67.15
216,4,hkzvs375j4vu6gpKF,0.005917159763313609,1,169,10,60.31
216,5,iKa2gAvHg5ayimeqf,0.012987012987012988,1,77,10,89.75
216,6,yC8Nd3ccicdv8ESD5,0.005405405405405406,1,185,10,64.71
217,0,AWdLuJbTGXRzidE2J,0.014563106796116505,3,206,10,69.75
217,1,Ks5SSc9zXbCTvYb5Y,0.005405405405405406,1,185,10,64.71
217,2,LADNwNppozkQyRydq,0.0,0,40,10,124.4
217,3,XKnEvwLFBQQBrE55i,0.01775147928994083,3,169,10,60.31
217,4,a4sE7WRT6iwzSAxEM,0.0,0,77,10,89.75
217,5,esNh8Beq8CEukHAkG,0.0070921985815602835,1,141,10,61.22
217,6,jsTwaCxTGykr8JCrc,0.009478672985781991,2,211,10,67.15
218,0,DLFWZJemX52CL2PuY,0.0,0,40,11,124.4
218,1,EPjwzy8rorgf8c6dD,0.0,0,77,11,89.75
218,2,QgXyGCwPuPFg8nWqA,0.02912621359223301,6,206,11,69.75
218,3,aJPPqMpXav69yQWAZ,0.0,0,185,11,64.71
218,4,ggNTofMikd57ezEfm,0.023696682464454975,5,211,11,67.15
218,5,mEQom8L46NRAdKY9q,0.0,0,169,11,60.31
218,6,v4bsLPs6EhKKpKpk9,0.0,0,141,11,61.22
219,0,4RfNAzukZWhQX5F2g,0.0425531914893617,6,141,22,61.22
219,1,FZ9gxLegcAW3fb6oD,0.018957345971563982,4,211,22,67.15
219,2,NZeaSdNL4hRDh6b49,0.0,0,40,22,124.4
219,3,P7Ld465rshCx5H79h,0.025974025974025976,2,77,22,89.75
219,4,duCc632rpxnZDnouz,0.016216216216216217,3,185,22,64.71
219,5,iwYvuG8aSpJ6aMCzs,0.009708737864077669,2,206,22,69.75
219,6,tKxbRqX2tDTtXf3mC,0.029585798816568046,5,169,22,60.31
220,0,FtiDeEp6bgwZPLPnG,0.0,0,141,19,61.22
220,1,NKAToy4uHkaYLTPuG,0.037914691943127965,8,211,19,67.15
220,2,XWtCabAuBdvy8DxxE,0.0,0,40,19,124.4
220,3,fhHLQfgqxo2iTHaRo,0.012987012987012988,1,77,19,89.75
220,4,rxPyfN2838NGMfEqi,0.005917159763313609,1,169,19,60.31
220,5,uNKanaSqfAu2jnAXp,0.038834951456310676,8,206,19,69.75
220,6,uo7pz5Cqhop8rFx2j,0.005405405405405406,1,185,19,64.71
221,0,2aqtp2u4vszZLukQa,0.0,0,185,0,64.71
221,1,DcwX6YniHeB7ZjRr9,0.0,0,206,0,69.75
221,2,KnDAS25dENcDM7gbM,0.0,0,211,0,67.15
221,3,WivcrmgqB3X2GA62W,0.0,0,77,0,89.75
221,4,eawyHYJXFRsdYbG8v,0.0,0,141,0,61.22
221,5,hZ8e6ZwmpWtRYX7n2,0.0,0,169,0,60.31
221,6,tsMBfoCEmiJjLa7FF,0.0,0,40,0,124.4
222,0,5z33yoNrhxDbPZ9yx,0.009478672985781991,2,211,5,67.15
222,1,9q4AggRxxZN8GhKJ5,0.005405405405405406,1,185,5,64.71
222,2,HWmXYSfru447WKuCE,0.0,0,40,5,124.4
222,3,Hnb43exkC9NidkecB,0.0070921985815602835,1,141,5,61.22
222,4,PMipXG6obAry8orAH,0.0,0,77,5,89.75
222,5,cMWMd8yMuFnEZADeR,0.0048543689320388345,1,206,5,69.75
222,6,ddiAbT86HsLPWBhXB,0.0,0,169,5,60.31
223,0,8ozrcaRmkjxXGcsCS,0.014184397163120567,2,141,4,61.22
223,1,PiG2GphEZQLG5TZd2,0.005917159763313609,1,169,4,60.31
223,2,dNz9BryQzXPC5a3Pa,0.0,0,206,4,69.75
223,3,embqZzxs48fq3CWDz,0.004739336492890996,1,211,4,67.15
223,4,ihgM7EywTxLRwxvDT,0.0,0,40,4,124.4
223,5,sKDfEKoNCkYcyfLZk,0.0,0,185,4,64.71
223,6,txtzPQEmNFzqAgZY8,0.0,0,77,4,89.75
224,0,AoJo4xuF3CteNuJfZ,0.0,0,40,6,124.4
224,1,LRmA63Q4AbJ5z3Ddb,0.0048543689320388345,1,206,6,69.75
224,2,RwSDtSYre7RkSK5w6,0.012987012987012988,1,77,6,89.75
224,3,ThagEKDyJthFkfmGF,0.004739336492890996,1,211,6,67.15
224,4,ht3mJrs8dgvehdiS7,0.0,0,169,6,60.31
224,5,mEJ8fezT2ZpMhDtvw,0.016216216216216217,3,185,6,64.71
224,6,wqdDvzjkPevCxtGJL,0.0,0,141,6,61.22
225,0,4GMj9fenMNLLuA3bz,0.005917159763313609,1,169,16,60.31
225,1,FsYH3ACzqG3MPi2m4,0.014184397163120567,2,141,16,61.22
225,2,KikPM67FGZBKpXp9Y,0.025974025974025976,2,77,16,89.75
225,3,SSMj9sSjnXKeW2iah,0.0,0,40,16,124.4
225,4,dgcuyQpWTfqLoGffF,0.0048543689320388345,1,206,16,69.75
225,5,to7EbveJSYnAXvauY,0.021621621621621623,4,185,16,64.71
225,6,zWS8wKmJgNyc7EqiW,0.02843601895734597,6,211,16,67.15
226,0,6tGxTK3FcPHiiDzyq,0.021621621621621623,4,185,36,64.71
226,1,Nh2EjQCGHAR8QmSGA,0.02127659574468085,3,141,36,61.22
226,2,qKQBKcMbfJc7wKTqw,0.0,0,40,36,124.4
226,3,swqKQ3J8J2x9BFg9L,0.01775147928994083,3,169,36,60.31
226,4,wZcnFycLm9Xvb6asT,0.07109004739336493,15,211,36,67.15
226,5,y46MTYNacZ3vbD9Zx,0.012987012987012988,1,77,36,89.75
226,6,yPhJYtS2S4k94rPfT,0.04854368932038835,10,206,36,69.75
227,0,4SSLDsM3RqsT3h4gj,0.0,0,40,0,124.4
227,1,7NDcJk2kDJYr2q6PA,0.0,0,141,0,61.22
227,2,AZD3cbmipYFkpqoJP,0.0,0,185,0,64.71
227,3,PtRBYHoaFsNnMnBie,0.0,0,211,0,67.15
227,4,ZSg3fcesL9ggPDpwp,0.0,0,206,0,69.75
227,5,uZrfavAEssdkkk9YM,0.0,0,77,0,89.75
227,6,wZdu2r7m2XspjA8kq,0.0,0,169,0,60.31
228,0,9Ci6crkjzyKPDeBbR,0.0,0,211,0,67.15
228,1,9cmhhJPuszTTXeYef,0.0,0,40,0,124.4
228,2,HMWCiJFquJAmCYDHk,0.0,0,185,0,64.71
228,3,LnoMehPssuWH9TyPc,0.0,0,141,0,61.22
228,4,RMyrw5rBiuraE8Cax,0.0,0,206,0,69.75
228,5,ksyedRMbmJGk4E6vk,0.0,0,169,0,60.31
228,6,xJ6mLDMf3czuz3SHX,0.0,0,77,0,89.75
229,0,9r3mj4LBWBjaXqLRR,0.0,0,169,0,60.31
229,1,Su2H8m7NNagc3ei2x,0.0,0,211,0,67.15
229,2,kGZw4qNv2CFw8F9AP,0.0,0,40,0,124.4
229,3,mvqB6BSSZxXpnpZGm,0.0,0,206,0,69.75
229,4,qqM8L8WmANxQj5ScN,0.0,0,77,0,89.75
229,5,rcMDQ4BpRc2wZTizh,0.0,0,141,0,61.22
229,6,xZsa3p9mCYoJbuvLH,0.0,0,185,0,64.71
230,0,7Jovqy34o6nqyyxLm,0.0,0,169,0,60.31
230,1,ETEsrQF7AN5siwBhs,0.0,0,206,0,69.75
230,2,ETW9qYPWknkkWgxG8,0.0,0,141,0,61.22
230,3,EzvFp8gsqwSPjNAJL,0.0,0,211,0,67.15
230,4,PePtRE9qhxCPdjPkt,0.0,0,77,0,89.75
230,5,xYv9wNcNvh58K7RBj,0.0,0,40,0,124.4
230,6,yumX5iS88zY69AAQr,0.0,0,185,0,64.71
231,0,4in3sPzY69zcTytET,0.025,1,40,12,124.4
231,1,DRCHJEFfNtympjQPZ,0.0,0,169,12,60.31
231,2,GCzDXwgEmv5GXjjcS,0.0,0,141,12,61.22
231,3,WuRxdp6FWm2FDQCGi,0.025974025974025976,2,77,12,89.75
231,4,eeoAuzQXgeFriqFHB,0.024271844660194174,5,206,12,69.75
231,5,qNSi4Kvtq2xih4NSq,0.009478672985781991,2,211,12,67.15
231,6,w3cYPpmKznsFi8K9k,0.010810810810810811,2,185,12,64.71
232,0,2jPmWqHbspANA7d8R,0.02127659574468085,3,141,24,61.22
232,1,6JhniEuQcJGy87t8p,0.016216216216216217,3,185,24,64.71
232,2,8Fr5H6sB7forhuHdB,0.011834319526627219,2,169,24,60.31
232,3,AQhrEh7P2dePLYLyL,0.018957345971563982,4,211,24,67.15
232,4,MRsygHgTHi2yjY6Bv,0.05194805194805195,4,77,24,89.75
232,5,nMeph77jDurrMpQcQ,0.03398058252427184,7,206,24,69.75
232,6,pmfCCEtpGSHZZXim7,0.025,1,40,24,124.4
233,0,7E2YuR4iwYNpsEABi,0.0048543689320388345,1,206,1,69.75
233,1,9FziNaawcDCjikhGo,0.0,0,141,1,61.22
233,2,TsGbdP4ZEQ2GCnDR6,0.0,0,185,1,64.71
233,3,XgNHaztBu6iJaeG5G,0.0,0,169,1,60.31
233,4,bhRjWhLQpjD7KmPeZ,0.0,0,40,1,124.4
233,5,g32qBfcqcq2h8RwEP,0.0,0,77,1,89.75
233,6,gJqCheSmtNXRzHLzk,0.0,0,211,1,67.15
234,0,2Q8FWtvfdwoXmaaqf,0.05325443786982249,9,169,34,60.31
234,1,CAqzabAJvogPwBkou,0.025974025974025976,2,77,34,89.75
234,2,So5zi537XeT7yXnjP,0.0,0,40,34,124.4
234,3,dC3T42QYJCrHKjMw5,0.05339805825242718,11,206,34,69.75
234,4,wTsDBeg89JewXRhFt,0.03317535545023697,7,211,34,67.15
234,5,wZEf5j36mXCxHhNML,0.016216216216216217,3,185,34,64.71
234,6,y3bD4htMSKBXxiZmb,0.014184397163120567,2,141,34,61.22
235,0,FmCAhdfp2zbYxAw9k,0.0,0,211,7,67.15
235,1,czkS6jBQKv9EmwFeX,0.012987012987012988,1,77,7,89.75
235,2,hj6yv2GkC8REzR6df,0.014184397163120567,2,141,7,61.22
235,3,oAPhhRpGGXwRv9uGc,0.0,0,206,7,69.75
235,4,wGLphZurQiLGALS5z,0.0,0,169,7,60.31
235,5,xHyaniFTvoZeJv5LN,0.0,0,40,7,124.4
235,6,zyoLvKSJavnqwjhzQ,0.021621621621621623,4,185,7,64.71
236,0,B2ENqpCAht9PxhEEn,0.0,0,40,22,124.4
236,1,STyWdtBu7DYiaAzA2,0.02843601895734597,6,211,22,67.15
236,2,TiY6nD9h45kcQAcDE,0.02912621359223301,6,206,22,69.75
236,3,cYHphARP4bai6QshK,0.010810810810810811,2,185,22,64.71
236,4,hfs9hATXguCQJyYRS,0.02127659574468085,3,141,22,61.22
236,5,iRTaXkqWwa2kNLNoA,0.025974025974025976,2,77,22,89.75
236,6,oQ4XXhfgDQS4mekpw,0.01775147928994083,3,169,22,60.31
237,0,BP7j426G69HxYTr7P,0.0048543689320388345,1,206,2,69.75
237,1,P5ttPZoqZbpRMYmZ2,0.0,0,211,2,67.15
237,2,QKiGxWKoFGw3RmZes,0.005917159763313609,1,169,2,60.31
237,3,WxbfoF7QvDLfnyKX9,0.0,0,40,2,124.4
237,4,bJHouoFGp6wLKzvjg,0.0,0,185,2,64.71
237,5,ryF4eE9JSAhrATuyZ,0.0,0,77,2,89.75
237,6,xLf3wQkfho3tcsNaZ,0.0,0,141,2,61.22
238,0,7HQdrLmziA2TdPSzN,0.03896103896103896,3,77,26,89.75
238,1,HT7zefZR52FSRSw6i,0.016216216216216217,3,185,26,64.71
238,2,TKS7uEDi8hzwnw9aM,0.02843601895734597,6,211,26,67.15
238,3,hrQdwcAoiCygfKkyZ,0.014184397163120567,2,141,26,61.22
238,4,kQ7qvKbFCYqwuSdDu,0.0,0,169,26,60.31
238,5,rS24XHmt4ApTzkDF2,0.05825242718446602,12,206,26,69.75
238,6,vteMFBCQZNmKBMiHD,0.0,0,40,26,124.4
